Index	Baxter	polyhedron
1	tuwng	tung
2	duwng	dung
3	trjuwng	triung
4	drjuwng	driung
5	tsyuwng	cjung
6	trhjuwng	thriung
7	dzrjuwng	zriung
8	sjuwng	siung
9	nyuwng	njung
10	kjuwng	kiung
11	yuwng	jung
12	hjuwng	iung
13	mjuwng	miung
14	khjuwng	khiung
15	gjuwng	giung
16	bjuwng	biung
17	pjuwng	piung
18	phjuwng	phiung
19	tsyhuwng	chjung
20	ljuwng	liung
21	khuwng	khung
22	kuwng	kung
23	muwng	mung
24	luwng	lung
25	huwng	ghung
26	dzuwng	zung
27	'uwng	qung
28	tshuwng	chung
29	thuwng	thung
30	tsuwng	cung
31	buwng	bung
32	xuwng	hung
33	nguwng	ngung
34	suwng	sung
35	towng	tuung
36	downg	duung
37	dzowng	zuung
38	nowng	nuung
39	kowng	kuung
40	howng	ghuung
41	lowng	luung
42	tsowng	cuung
43	sowng	suung
44	thowng	thuung
45	tsyowng	cjyung
46	ljowng	lyung
47	syowng	sjyung
48	zjowng	zsyung
49	tsyhowng	chjyung
50	yowng	jyung
51	pjowng	pyung
52	xjowng	hyung
53	ngjowng	ngyung
54	'jowng	qyung
55	nrjowng	nryung
56	drjowng	dryung
57	dzjowng	zyung
58	trhjowng	thryung
59	bjowng	byung
60	phjowng	phyung
61	tsjowng	cyung
62	nyowng	njyung
63	gjowng	gyung
64	dzyowng	zjyung
65	kjowng	kyung
66	sjowng	syung
67	tshjowng	chyung
68	khjowng	khyung
69	kaewng	krung
70	maewng	mrung
71	nraewng	nrung
72	tsrhaewng	chrung
73	paewng	prung
74	haewng	ghrung
75	phaewng	phrung
76	laewng	lrung
77	sraewng	srung
78	baewng	brung
79	xaewng	hrung
80	'aewng	qrung
81	khaewng	khrung
82	draewng	drung
83	trhaewng	thrung
84	traewng	trung
85	ngaewng	ngrung
86	dzraewng	zrung
87	tsye	cje
88	ye	je
89	hjwe	ye
90	kjwe	kye
91	xjwe	hye
92	'jwe	qye
93	mje	mie
94	xjwie	hjye
95	drjwe	drye
96	dzywe	zjye
97	ljwe	lye
98	tsyhwe	chjye
99	phje	phie
100	pje	pie
101	zjwe	zsye
102	khjwe	khye
103	khjwie	khjye
104	gje	gie
105	gjie	gje
106	xje	hie
107	khje	khie
108	ngje	ngie
109	bje	bie
110	dzye	zje
111	nye	nje
112	lje	lie
113	dzje	zie
114	tsje	cie
115	kje	kie
116	pjie	pje
117	bjie	bje
118	sye	sje
119	sje	sie
120	tsrhje	chrie
121	trhje	thrie
122	mjie	mje
123	tshje	chie
124	trje	trie
125	'je	qie
126	drje	drie
127	sjwe	sye
128	ngjwe	ngye
129	xjie	hje
130	srje	srie
131	srjwe	srye
132	nywe	njye
133	tsje	cie
134	kjwie	kjye
135	tsjwe	cye
136	tsrhjwe	chrye
137	trjwe	trye
138	tsjwe	cye
139	tsyhe	chje
140	tsrje	crie
141	phjie	phje
142	ywe	jye
143	dzrje	zrie
144	tsyij	cjii
145	yij	jii
146	srij	srii
147	bjij	bjii
148	tsij	cii
149	kjij	kjii
150	tsyhij	chjii
151	trhij	thrii
152	tshij	chii
153	dzij	zii
154	nrij	nrii
155	drij	drii
156	sij	sii
157	syij	sjii
158	gij	gii
159	'jij	qjii
160	lij	lii
161	gjwij	gjyi
162	trwij	tryi
163	kwij	kyi
164	nywij	njyi
165	srwij	sryi
166	ywij	jyi
167	lwij	lyi
168	swij	syi
169	gwij	gyi
170	mij	mii
171	pij	pii
172	tsywij	cjyi
173	dzywij	zjyi
174	hwij	yi
175	bij	bii
176	phij	phii
177	xjwij	hjyi
178	drwij	dryi
179	tsyhwij	chjyi
180	trij	trii
181	phjij	phjii
182	tswij	cyi
183	khwij	khyi
184	ngjij	ngjii
185	xjij	hjii
186	tsyi	cji
187	yi	ji
188	dzyi	zji
189	ngi	ngi
190	si	si
191	tsrhi	chri
192	gi	gi
193	syi	sji
194	nyi	nji
195	khi	khi
196	ki	ki
197	zi	zsi
198	li	li
199	tsri	cri
200	xi	hi
201	'i	qi
202	trhi	thri
203	dri	dri
204	tsyhi	chji
205	dzi	zi
206	tsi	ci
207	dzri	zri
208	zri	zsri
209	khi	khi
210	syi	sji
211	mj+j	myoi
212	xjw+j	hyoi
213	hjw+j	yoi
214	phj+j	phyoi
215	pj+j	pyoi
216	bj+j	byoi
217	'jw+j	qyoi
218	gj+j	gioi
219	kj+j	kioi
220	xj+j	hioi
221	'j+j	qioi
222	ngj+j	ngioi
223	ngjw+j	ngyoi
224	kjw+j	kyoi
225	khjw+j	khyoi
226	ngjo	ngio
227	tsrhjo	chrio
228	syo	sjo
229	kjo	kio
230	gjo	gio
231	yo	jo
232	sjo	sio
233	tshjo	chio
234	dzrjo	zrio
235	trhjo	thrio
236	srjo	srio
237	xjo	hio
238	zjo	zsio
239	'jo	qio
240	trjo	trio
241	ljo	lio
242	tsyo	cjo
243	drjo	drio
244	nyo	njo
245	tsjo	cio
246	khjo	khio
247	tsrjo	crio
248	dzyo	zjo
249	nrjo	nrio
250	ngju	ngyo
251	tsrhju	chryo
252	mju	myo
253	hju	yo
254	xju	hyo
255	gju	gyo
256	nyu	njyo
257	sju	syo
258	trju	tryo
259	trhju	thryo
260	dzyu	zjyo
261	yu	jyo
262	khju	khyo
263	tsyu	cjyo
264	tshju	chyo
265	lju	lyo
266	bju	byo
267	dzrju	zryo
268	tsrju	cryo
269	phju	phyo
270	tsju	cyo
271	pju	pyo
272	'ju	qyo
273	syu	sjyo
274	tsyhu	chjyo
275	drju	dryo
276	kju	kyo
277	srju	sryo
278	mu	mo
279	bu	bo
280	hu	gho
281	ku	ko
282	du	do
283	nu	no
284	xu	ho
285	ngu	ngo
286	tsu	co
287	lu	lo
288	su	so
289	dzu	zo
290	'u	qo
291	pu	po
292	khu	kho
293	tshu	cho
294	thu	tho
295	tu	to
296	phu	pho
297	dzej	ze
298	lej	le
299	tshej	che
300	tej	te
301	dej	de
302	pej	pe
303	kej	ke
304	hej	ghe
305	'ej	qe
306	ngej	nge
307	xej	he
308	sej	se
309	thej	the
310	bej	be
311	phej	phe
312	tsej	ce
313	mej	me
314	nej	ne
315	khej	khe
316	kwej	kue
317	khwej	khue
318	hwej	ghue
319	nyej	nje
320	dzyej	zje
321	'wej	que
322	xwej	hue
323	kea	kre
324	hea	ghre
325	bea	bre
326	kwea	krue
327	'wea	qrue
328	khwea	khrue
329	dzrea	zre
330	tsrhea	chre
331	xwea	hrue
332	nrea	nre
333	ngea	ngre
334	'ea	qre
335	srea	sre
336	xea	hre
337	trhea	thre
338	mea	mre
339	hwea	ghrue
340	keaj	krai
341	'eaj	qrai
342	heaj	ghrai
343	beaj	brai
344	kweaj	kruai
345	hweaj	ghruai
346	khweaj	khruai
347	dzreaj	zrai
348	tsrheaj	chrai
349	xweaj	hruai
350	drweaj	druai
351	meaj	mrai
352	tsreaj	crai
353	'weaj	qruai
354	treaj	trai
355	leaj	lrai
356	kheaj	khrai
357	nreaj	nrai
358	sreaj	srai
359	ngeaj	ngrai
360	trheaj	thrai
361	xeaj	hrai
362	lweaj	lruai
363	dzrweaj	zruai
364	xwoj	huai
365	khwoj	khuai
366	'woj	quai
367	hwoj	ghuai
368	mwoj	muai
369	kwoj	kuai
370	lwoj	luai
371	dwoj	duai
372	tshwoj	chuai
373	twoj	tuai
374	swoj	suai
375	dzwoj	zuai
376	bwoj	buai
377	pwoj	puai
378	phwoj	phuai
379	ngwoj	nguai
380	thwoj	thuai
381	nwoj	nuai
382	tswoj	cuai
383	xoj	hai
384	khoj	khai
385	'oj	qai
386	doj	dai
387	koj	kai
388	dzoj	zai
389	loj	lai
390	tsoj	cai
391	tshoj	chai
392	boj	bai
393	thoj	thai
394	hoj	ghai
395	soj	sai
396	ngoj	ngai
397	noj	nai
398	toj	tai
399	tsyhoj	chjai
400	phoj	phai
401	tsyin	cjin
402	trhin	thrin
403	'jin	qjin
404	sin	sin
405	dzyin	zjin
406	nyin	njin
407	zyin	zsjin
408	tshin	chin
409	hin	in
410	syin	sjin
411	pjin	pjin
412	lin	lin
413	gin	gin
414	trin	trin
415	drin	drin
416	tsin	cin
417	tsyhin	chjin
418	dzin	zin
419	yin	jin
420	nrin	nrin
421	phjin	phjin
422	bjin	bjin
423	ngin	ngin
424	kin	kin
425	kwin	kyn
426	hwin	yn
427	khwin	khyn
428	min	min
429	bin	bin
430	'in	qin
431	'win	qyn
432	pin	pin
433	mjin	mjin
434	tsywin	cjyn
435	trhwin	thryn
436	drwin	dryn
437	swin	syn
438	dzywin	zjyn
439	nywin	njyn
440	zywin	zsjyn
441	lwin	lyn
442	trwin	tryn
443	tshwin	chyn
444	tswin	cyn
445	tsyhwin	chjyn
446	dzwin	zyn
447	ywin	jyn
448	zwin	zsyn
449	kjwin	kjyn
450	gjin	gjin
451	phin	phin
452	tsrin	crin
453	srin	srin
454	dzrin	zrin
455	mjun	myon
456	hjun	yon
457	'jun	qyon
458	bjun	byon
459	pjun	pyon
460	gjun	gyon
461	xjun	hyon
462	kjun	kyon
463	phjun	phyon
464	xj+n	hion
465	'j+n	qion
466	gj+n	gion
467	kj+n	kion
468	ngj+n	ngion
469	ngjwon	ngyan
470	hjwon	yan
471	bjon	byan
472	phjon	phyan
473	xjwon	hyan
474	'jwon	qyan
475	ngjon	ngian
476	khjon	khian
477	xjon	hian
478	kjon	kian
479	'jon	qian
480	pjon	pyan
481	gjon	gian
482	mjon	myan
483	hwon	ghuon
484	kwon	kuon
485	'won	quon
486	mwon	muon
487	swon	suon
488	tswon	cuon
489	dzwon	zuon
490	twon	tuon
491	thwon	thuon
492	dwon	duon
493	tshwon	chuon
494	ngwon	nguon
495	bwon	buon
496	pwon	puon
497	lwon	luon
498	khwon	khuon
499	xwon	huon
500	phwon	phuon
501	nwon	nuon
502	hon	ghon
503	kon	kon
504	'on	qon
505	thon	thon
506	ngon	ngon
507	han	ghan
508	ngan	ngan
509	tan	tan
510	'an	qan
511	nan	nan
512	tshan	chan
513	than	than
514	san	san
515	dan	dan
516	dzan	zan
517	kan	kan
518	lan	lan
519	khan	khan
520	xan	han
521	nwan	nuan
522	hwan	ghuan
523	ngwan	nguan
524	twan	tuan
525	'wan	quan
526	thwan	thuan
527	swan	suan
528	dwan	duan
529	dzwan	zuan
530	kwan	kuan
531	lwan	luan
532	xwan	huan
533	khwan	khuan
534	tswan	cuan
535	ban	buan
536	man	muan
537	phan	phuan
538	pan	puan
539	sraen	sran
540	kwaen	kruan
541	'waen	qruan
542	srwaen	sruan
543	hwaen	ghruan
544	paen	pran
545	maen	mran
546	ngaen	ngran
547	kaen	kran
548	phaen	phran
549	nrwaen	nruan
550	ngwaen	ngruan
551	khaen	khran
552	khaen	khran
553	tsrwaen	cruan
554	srean	sren
555	kwean	kruen
556	kean	kren
557	hean	ghren
558	khean	khren
559	dzrean	zren
560	xean	hren
561	ngean	ngren
562	'ean	qren
563	pean	pren
564	lean	lren
565	nrean	nren
566	tsyhean	chjren
567	'wean	qruen
568	dwean	druen
569	lwean	lruen
570	gwean	gruen
571	trean	tren
572	drean	dren
573	hwean	ghruen
574	dzean	zren
575	sen	sen
576	dzen	zen
577	tshen	chen
578	tsen	cen
579	then	then
580	ken	ken
581	hen	ghen
582	'en	qen
583	len	len
584	den	den
585	nen	nen
586	ten	ten
587	khen	khen
588	ngen	ngen
589	men	men
590	ben	ben
591	'wen	quen
592	kwen	kuen
593	xwen	huen
594	pen	pen
595	hwen	ghuen
596	xen	hen
597	dzrwen	zruen
598	sjen	sien
599	dzjen	zien
600	tshjen	chien
601	tsjen	cien
602	nyen	njen
603	yen	jen
604	tsyen	cjen
605	kjien	kjen
606	trjen	trien
607	dzrjen	zrien
608	syen	sjen
609	trhjen	thrien
610	dzyen	zjen
611	drjen	drien
612	xjien	hjen
613	ljen	lien
614	phjien	phjen
615	bjien	bjen
616	mjien	mjen
617	dzjwen	zyen
618	sjwen	syen
619	tsjwen	cyen
620	xjwien	hjyen
621	nywen	njyen
622	tsyhwen	chjyen
623	ywen	jyen
624	zjwen	zsyen
625	'jwien	qjyen
626	zywen	zsjyen
627	pjien	pjen
628	zjen	zsien
629	tshjwen	chyen
630	tsywen	cjyen
631	dzywen	zjyen
632	hjwen	yen
633	tsrjwen	cryen
634	srjwen	sryen
635	trhjwen	thryen
636	gjen	gien
637	khjen	khien
638	gjwen	gyen
639	drjwen	dryen
640	ljwen	lyen
641	khjwen	khyen
642	'jen	qien
643	hjen	ien
644	'jwen	qyen
645	tsyhen	chjen
646	trjwen	tryen
647	kjwen	kyen
648	sew	seu
649	thew	theu
650	tew	teu
651	dew	deu
652	kew	keu
653	lew	leu
654	ngew	ngeu
655	xew	heu
656	'ew	qeu
657	khew	kheu
658	sjew	sieu
659	trhjew	thrieu
660	trjew	trieu
661	drjew	drieu
662	xjew	hieu
663	dzjew	zieu
664	kjew	kieu
665	tsjew	cieu
666	nyew	njeu
667	syew	sjeu
668	yew	jeu
669	dzyew	zjeu
670	tsyew	cjeu
671	pjiew	pjeu
672	pjew	pieu
673	bjiew	bjeu
674	mjiew	mjeu
675	mjew	mieu
676	'jiew	qjeu
677	hjew	ieu
678	gjew	gieu
679	tshjew	chieu
680	'jew	qieu
681	khjiew	khjeu
682	tsyhew	chjeu
683	phjiew	phjeu
684	gjiew	gjeu
685	ljew	lieu
686	khjew	khieu
687	haew	ghrau
688	kaew	krau
689	dzraew	zrau
690	nraew	nrau
691	sraew	srau
692	maew	mrau
693	xaew	hrau
694	paew	prau
695	phaew	phrau
696	khaew	khrau
697	ngaew	ngrau
698	tsraew	crau
699	traew	trau
700	tsrhaew	chrau
701	baew	brau
702	'aew	qrau
703	trhaew	thrau
704	laew	lrau
705	draew	drau
706	haw	ghau
707	kaw	kau
708	law	lau
709	xaw	hau
710	maw	mau
711	thaw	thau
712	taw	tau
713	saw	sau
714	baw	bau
715	paw	pau
716	daw	dau
717	tsaw	cau
718	ngaw	ngau
719	dzaw	zau
720	'aw	qau
721	naw	nau
722	khaw	khau
723	tshaw	chau
724	phaw	phau
725	ka	ka
726	tsha	cha
727	ta	ta
728	sa	sa
729	da	da
730	dza	za
731	nga	nga
732	tha	tha
733	la	la
734	na	na
735	ha	gha
736	xa	ha
737	kha	kha
738	'a	qa
739	kwa	kua
740	tshwa	chua
741	twa	tua
742	swa	sua
743	ba	bua
744	dwa	dua
745	ma	mua
746	dzwa	zua
747	ngwa	ngua
748	thwa	thua
749	lwa	lua
750	nwa	nua
751	pa	pua
752	pha	phua
753	hwa	ghua
754	khwa	khua
755	'wa	qua
756	xjwa	hya
757	'jwa	qya
758	khjwa	khya
759	gja	gia
760	khja	khia
761	kja	kia
762	tshjwa	chya
763	tsjwa	cya
764	gjwa	gya
765	ljwa	lya
766	mae	mra
767	tsyhae	chja
768	syae	sja
769	yae	ja
770	tsyae	cja
771	tsjae	cia
772	zyae	zsja
773	hwae	ghrua
774	kwae	krua
775	xwae	hrua
776	khwae	khrua
777	nrae	nra
778	kae	kra
779	hae	ghra
780	phae	phra
781	'ae	qra
782	pae	pra
783	tsrhae	chra
784	srae	sra
785	ngae	ngra
786	tsrae	cra
787	drae	dra
788	zjae	zsia
789	dzyae	zja
790	'wae	qrua
791	tsrwae	crua
792	trwae	trua
793	bae	bra
794	dzrae	zra
795	trhae	thra
796	trae	tra
797	xae	hra
798	khae	khra
799	dzjae	zia
800	nyae	nja
801	sjae	sia
802	trjae	tria
803	ngwae	ngrua
804	khae	khra
805	yang	jang
806	zjang	zsiang
807	ljang	liang
808	xjang	hiang
809	syang	sjang
810	bjang	byang
811	tsyang	cjang
812	tsyhang	chjang
813	khjang	khiang
814	kjang	kiang
815	drjang	driang
816	trjang	triang
817	nyang	njang
818	pjang	pyang
819	sjang	siang
820	tsjang	ciang
821	tsrhjang	chriang
822	mjang	myang
823	nrjang	nriang
824	dzrjang	zriang
825	tsrjang	criang
826	dzyang	zjang
827	srjang	sriang
828	dzjang	ziang
829	tshjang	chiang
830	khjwang	khyang
831	hjwang	yang
832	'jang	qiang
833	gjang	giang
834	trhjang	thriang
835	phjang	phyang
836	gjwang	gyang
837	dang	dang
838	lang	lang
839	tang	tang
840	tshang	chang
841	kang	kang
842	sang	sang
843	khang	khang
844	xwang	huang
845	hwang	ghuang
846	kwang	kuang
847	thang	thang
848	phang	phang
849	'wang	quang
850	'ang	qang
851	xang	hang
852	hang	ghang
853	mang	mang
854	tsang	cang
855	nang	nang
856	bang	bang
857	ngang	ngang
858	dzang	zang
859	khwang	khuang
860	pang	pang
861	kaeng	krang
862	khaeng	khrang
863	maeng	mrang
864	hwaeng	ghruang
865	paeng	prang
866	xwaeng	hruang
867	kwaeng	kruang
868	baeng	brang
869	xaeng	hrang
870	trhaeng	thrang
871	tsrhaeng	chrang
872	dzraeng	zrang
873	'jaeng	qieng
874	phjaeng	phieng
875	bjaeng	bieng
876	kjaeng	kieng
877	mjaeng	mieng
878	draeng	drang
879	traeng	trang
880	hjwaeng	yeng
881	pjaeng	pieng
882	xjwaeng	hyeng
883	khjaeng	khieng
884	sraeng	srang
885	gjaeng	gieng
886	ngjaeng	ngieng
887	haeng	ghrang
888	nraeng	nrang
889	keang	kreng
890	kheang	khreng
891	meang	mreng
892	peang	preng
893	hweang	ghrueng
894	heang	ghreng
895	treang	treng
896	'eang	qreng
897	dzreang	zreng
898	tsrheang	chreng
899	nreang	nreng
900	pheang	phreng
901	xweang	hrueng
902	peang	preng
903	dreang	dreng
904	'weang	qrueng
905	beang	breng
906	ngeang	ngreng
907	tsreang	creng
908	tshjeng	chieng
909	dzjeng	zieng
910	tsjeng	cieng
911	yeng	jeng
912	yweng	jyeng
913	'jieng	qjeng
914	trjeng	trieng
915	trhjeng	thrieng
916	dzyeng	zjeng
917	drjeng	drieng
918	syeng	sjeng
919	tsyeng	cjeng
920	khjieng	khjeng
921	mjieng	mjeng
922	ljeng	lieng
923	pjieng	pjeng
924	khjwieng	khjyeng
925	zjeng	zsieng
926	'jwieng	qjyeng
927	gjwieng	gjyeng
928	sjweng	syeng
929	gjieng	gjeng
930	xjwieng	hjyeng
931	tsheng	cheng
932	keng	keng
933	heng	gheng
934	deng	deng
935	teng	teng
936	xeng	heng
937	seng	seng
938	pheng	pheng
939	leng	leng
940	neng	neng
941	theng	theng
942	meng	meng
943	beng	beng
944	hweng	ghueng
945	kweng	kueng
946	tsying	cjing
947	dzying	zjing
948	dring	dring
949	ling	ling
950	'ing	qing
951	bing	bing
952	ping	ping
953	ying	jing
954	zying	zsjing
955	sying	sjing
956	nying	njing
957	king	king
958	tring	tring
959	dzing	zing
960	nging	nging
961	xing	hing
962	tsyhing	chjing
963	ging	ging
964	sring	sring
965	khing	khing
966	trhing	thring
967	dzring	zring
968	phing	phing
969	tong	tong
970	long	long
971	song	song
972	pong	pong
973	tsong	cong
974	mong	mong
975	dzong	zong
976	bong	bong
977	hwong	ghuong
978	kwong	kuong
979	xwong	huong
980	nong	nong
981	dong	dong
982	hong	ghong
983	kong	kong
984	thong	thong
985	phong	phong
986	hjuw	iu
987	'juw	qiu
988	ljuw	liu
989	tshjuw	chiu
990	yuw	ju
991	ngjuw	ngiu
992	tsjuw	ciu
993	dzjuw	ziu
994	sjuw	siu
995	trhjuw	thriu
996	khjuw	khiu
997	tsyhuw	chju
998	tsyuw	cju
999	dzyuw	zju
1000	nyuw	nju
1001	syuw	sju
1002	khjuw	khiu
1003	phjuw	phiu
1004	kjuw	kiu
1005	pjuw	piu
1006	srjuw	sriu
1007	tsrhjuw	chriu
1008	tsrjuw	criu
1009	dzrjuw	zriu
1010	xjuw	hiu
1011	zjuw	zsiu
1012	drjuw	driu
1013	trjuw	triu
1014	gjuw	giu
1015	bjuw	biu
1016	mjuw	miu
1017	huw	ghu
1018	'uw	qu
1019	nuw	nu
1020	luw	lu
1021	suw	su
1022	khuw	khu
1023	xuw	hu
1024	tsuw	cu
1025	thuw	thu
1026	duw	du
1027	nguw	ngu
1028	kuw	ku
1029	tuw	tu
1030	dzuw	zu
1031	buw	bu
1032	tshuw	chu
1033	muw	mu
1034	'jiw	qy
1035	gjiw	gy
1036	pjiw	py
1037	ljiw	ly
1038	kjiw	ky
1039	bjiw	by
1040	tsjiw	cy
1041	srjiw	sry
1042	ngjiw	ngy
1043	xjiw	hy
1044	mjiw	my
1045	tshim	chim
1046	zim	zsim
1047	lim	lim
1048	trhim	thrim
1049	tsyim	cjim
1050	drim	drim
1051	trim	trim
1052	dzyim	zjim
1053	nyim	njim
1054	syim	sjim
1055	yim	jim
1056	sim	sim
1057	'jim	qjim
1058	tsim	cim
1059	dzim	zim
1060	nrim	nrim
1061	gim	gim
1062	khim	khim
1063	ngim	ngim
1064	xim	him
1065	kim	kim
1066	'im	qim
1067	srim	srim
1068	dzrim	zrim
1069	tsrim	crim
1070	tsrhim	chrim
1071	tsyhim	chjim
1072	dom	dom
1073	tshom	chom
1074	nom	nom
1075	'om	qom
1076	hom	ghom
1077	lom	lom
1078	dzom	zom
1079	tsom	com
1080	thom	thom
1081	tom	tom
1082	khom	khom
1083	xom	hom
1084	som	som
1085	kom	kom
1086	ngom	ngom
1087	dam	dam
1088	kam	kam
1089	tam	tam
1090	sam	sam
1091	lam	lam
1092	kham	kham
1093	tham	tham
1094	dzam	zam
1095	ham	gham
1096	mam	mam
1097	dzam	zam
1098	xam	ham
1099	yem	jem
1100	ljem	liem
1101	pjem	piem
1102	sjem	siem
1103	tshjem	chiem
1104	tsyem	cjem
1105	dzyem	zjem
1106	syem	sjem
1107	tsyhem	chjem
1108	nyem	njem
1109	nrjem	nriem
1110	hjem	iem
1111	trjem	triem
1112	trhjem	thriem
1113	'jem	qiem
1114	khjem	khiem
1115	ngjem	ngiem
1116	tsjem	ciem
1117	dzjem	ziem
1118	gjem	giem
1119	'jiem	qjem
1120	zjem	zsiem
1121	srjem	sriem
1122	drjem	driem
1123	gjiem	gjem
1124	them	them
1125	tem	tem
1126	dem	dem
1127	lem	lem
1128	khem	khem
1129	kem	kem
1130	hem	ghem
1131	nem	nem
1132	xem	hem
1133	heam	ghrem
1134	keam	krem
1135	sream	srem
1136	'eam	qrem
1137	ngeam	ngrem
1138	xeam	hrem
1139	tream	trem
1140	nream	nrem
1141	dzream	zrem
1142	kheam	khrem
1143	haem	ghram
1144	dzraem	zram
1145	ngaem	ngram
1146	tsrhaem	chram
1147	sraem	sram
1148	kaem	kram
1149	baem	bram
1150	khaem	khram
1151	ngjaem	ngiam
1152	xjaem	hiam
1153	'jaem	qiam
1154	khjaem	khiam
1155	bjom	byam
1156	phjom	phyam
1157	tuwngX	tungx
1158	muwngX	mungx
1159	khuwngX	khungx
1160	suwngX	sungx
1161	thuwngX	thungx
1162	tsuwngX	cungx
1163	huwngX	ghungx
1164	'uwngX	qungx
1165	nuwngX	nungx
1166	puwngX	pungx
1167	luwngX	lungx
1168	xuwngX	hungx
1169	duwngX	dungx
1170	buwngX	bungx
1171	tsyowngX	cjyungx
1172	trhjowngX	thryungx
1173	ljowngX	lyungx
1174	'jowngX	qyungx
1175	nyowngX	njyungx
1176	drjowngX	dryungx
1177	trjowngX	tryungx
1178	bjowngX	byungx
1179	phjowngX	phyungx
1180	yowngX	jyungx
1181	khjowngX	khyungx
1182	dzyowngX	zjyungx
1183	kjowngX	kyungx
1184	sjowngX	syungx
1185	xjowngX	hyungx
1186	pjowngX	pyungx
1187	towngX	tuungx
1188	mowngX	muungx
1189	gjowngX	gyungx
1190	tsyhowngX	chjyungx
1191	tsyowngX	cjyungx
1192	tsjowngX	cyungx
1193	kaewngX	krungx
1194	baewngX	brungx
1195	'aewngX	qrungx
1196	maewngX	mrungx
1197	haewngX	ghrungx
1198	paewngX	prungx
1199	xaewngX	hrungx
1200	tsyeX	cjex
1201	dzyeX	zjex
1202	mjeX	miex
1203	pjeX	piex
1204	bjeX	biex
1205	xjweX	hyex
1206	'jweX	qyex
1207	khjweX	khyex
1208	kjweX	kyex
1209	sjweX	syex
1210	ljweX	lyex
1211	gjeX	giex
1212	'jeX	qiex
1213	kjeX	kiex
1214	khjeX	khiex
1215	ngjeX	ngiex
1216	hjweX	yex
1217	tsjweX	cyex
1218	nyweX	njyex
1219	tshjeX	chiex
1220	drjeX	driex
1221	sjeX	siex
1222	yeX	jex
1223	ljeX	liex
1224	srjeX	sriex
1225	pjieX	pjex
1226	nyeX	njex
1227	mjieX	mjex
1228	bjieX	bjex
1229	tsyheX	chjex
1230	syeX	sjex
1231	tsjeX	ciex
1232	tsyweX	cjyex
1233	tsrhjweX	chryex
1234	zjweX	zsyex
1235	zyeX	zsjex
1236	tsrjeX	criex
1237	phjeX	phiex
1238	phjieX	phjex
1239	yweX	jyex
1240	dzjweX	zyex
1241	khjwieX	khjyex
1242	nrjeX	nriex
1243	ngjweX	ngyex
1244	gjweX	gyex
1245	trhjeX	thriex
1246	trjeX	triex
1247	xjeX	hiex
1248	khjieX	khjex
1249	dzyweX	zjyex
1250	kjieX	kjex
1251	tsyijX	cjiix
1252	dzyijX	zjiix
1253	mijX	miix
1254	pijX	piix
1255	zijX	zsiix
1256	kijX	kiix
1257	tsijX	ciix
1258	pjijX	pjiix
1259	kwijX	kyix
1260	hwijX	yix
1261	syijX	sjiix
1262	drijX	driix
1263	sijX	siix
1264	bjijX	bjiix
1265	lijX	liix
1266	sywijX	sjyix
1267	lwijX	lyix
1268	gjwijX	gjyix
1269	tshwijX	chyix
1270	nrijX	nriix
1271	kjwijX	kjyix
1272	bijX	biix
1273	dzwijX	zyix
1274	phijX	phiix
1275	nywijX	njyix
1276	ywijX	jyix
1277	'ijX	qiix
1278	tswijX	cyix
1279	trijX	triix
1280	trhijX	thriix
1281	tsyijX	cjiix
1282	xjwijX	hjyix
1283	gwijX	gyix
1284	gijX	giix
1285	khwijX	khyix
1286	tsyiX	cjix
1287	dzyiX	zjix
1288	triX	trix
1289	xiX	hix
1290	kiX	kix
1291	yiX	jix
1292	ziX	zsix
1293	sriX	srix
1294	nyiX	njix
1295	liX	lix
1296	siX	six
1297	syiX	sjix
1298	driX	drix
1299	khiX	khix
1300	dzriX	zrix
1301	zriX	zsrix
1302	tsiX	cix
1303	hiX	ix
1304	ngiX	ngix
1305	tsyhiX	chjix
1306	trhiX	thrix
1307	tsrhiX	chrix
1308	tsriX	crix
1309	'iX	qix
1310	nriX	nrix
1311	mj+jX	myoix
1312	'j+jX	qioix
1313	khj+jX	khioix
1314	kj+jX	kioix
1315	phj+jX	phyoix
1316	pj+jX	pyoix
1317	hjw+jX	yoix
1318	kjw+jX	kyoix
1319	xjw+jX	hyoix
1320	ngj+jX	ngioix
1321	xj+jX	hioix
1322	'jw+jX	qyoix
1323	bj+jX	byoix
1324	ngjoX	ngiox
1325	ljoX	liox
1326	drjoX	driox
1327	yoX	jox
1328	tsyoX	cjox
1329	nyoX	njox
1330	syoX	sjox
1331	tsyhoX	chjox
1332	trjoX	triox
1333	sjoX	siox
1334	trhjoX	thriox
1335	nrjoX	nriox
1336	xjoX	hiox
1337	gjoX	giox
1338	srjoX	sriox
1339	tsrhjoX	chriox
1340	tsrjoX	criox
1341	dzrjoX	zriox
1342	dzjoX	ziox
1343	'joX	qiox
1344	kjoX	kiox
1345	zjoX	zsiox
1346	khjoX	khiox
1347	zyoX	zsjox
1348	dzyoX	zjox
1349	tshjoX	chiox
1350	tsjoX	ciox
1351	ngjuX	ngyox
1352	hjuX	yox
1353	dzjuX	zyox
1354	pjuX	pyox
1355	mjuX	myox
1356	bjuX	byox
1357	phjuX	phyox
1358	drjuX	dryox
1359	xjuX	hyox
1360	dzyuX	zjyox
1361	yuX	jyox
1362	tsyuX	cjyox
1363	'juX	qyox
1364	khjuX	khyox
1365	trjuX	tryox
1366	nyuX	njyox
1367	gjuX	gyox
1368	srjuX	sryox
1369	kjuX	kyox
1370	tshjuX	chyox
1371	ljuX	lyox
1372	sjuX	syox
1373	dzrjuX	zryox
1374	muX	mox
1375	thuX	thox
1376	duX	dox
1377	luX	lox
1378	tshuX	chox
1379	tuX	tox
1380	kuX	kox
1381	nguX	ngox
1382	buX	box
1383	dzuX	zox
1384	tsuX	cox
1385	xuX	hox
1386	'uX	qox
1387	khuX	khox
1388	nuX	nox
1389	huX	ghox
1390	phuX	phox
1391	puX	pox
1392	dzejX	zex
1393	lejX	lex
1394	thejX	thex
1395	phejX	phex
1396	tsejX	cex
1397	tejX	tex
1398	dejX	dex
1399	nejX	nex
1400	sejX	sex
1401	tshejX	chex
1402	khejX	khex
1403	xejX	hex
1404	mejX	mex
1405	bejX	bex
1406	'ejX	qex
1407	ngejX	ngex
1408	pejX	pex
1409	heaX	ghrex
1410	meaX	mrex
1411	kheaX	khrex
1412	dreaX	drex
1413	nreaX	nrex
1414	beaX	brex
1415	'eaX	qrex
1416	peaX	prex
1417	keaX	krex
1418	sreaX	srex
1419	kweaX	kruex
1420	drweaX	druex
1421	hweaX	ghruex
1422	xweaX	hruex
1423	geaX	grex
1424	heajX	ghraix
1425	kheajX	khraix
1426	ngeajX	ngraix
1427	'eajX	qraix
1428	xwojX	huaix
1429	'wojX	quaix
1430	lwojX	luaix
1431	dwojX	duaix
1432	dzwojX	zuaix
1433	mwojX	muaix
1434	thwojX	thuaix
1435	hwojX	ghuaix
1436	khwojX	khuaix
1437	twojX	tuaix
1438	nwojX	nuaix
1439	trwojX	truaix
1440	ngwojX	nguaix
1441	tshwojX	chuaix
1442	bwojX	buaix
1443	tswojX	cuaix
1444	hwojX	uaix
1445	xojX	haix
1446	khojX	khaix
1447	tsojX	caix
1448	dojX	daix
1449	nojX	naix
1450	kojX	kaix
1451	hojX	ghaix
1452	phojX	phaix
1453	tshojX	chaix
1454	tsyhojX	chjaix
1455	tojX	taix
1456	mojX	maix
1457	dzojX	zaix
1458	phojX	phaix
1459	'ojX	qaix
1460	yojX	jaix
1461	thojX	thaix
1462	nyojX	njaix
1463	lojX	laix
1464	yojX	jaix
1465	bojX	baix
1466	tsyinX	cjinx
1467	trhinX	thrinx
1468	dzyinX	zjinx
1469	nyinX	njinx
1470	syinX	sjinx
1471	linX	linx
1472	drinX	drinx
1473	kjinX	kjinx
1474	dzinX	zinx
1475	tsinX	cinx
1476	bjinX	bjinx
1477	nginX	nginx
1478	tshinX	chinx
1479	gwinX	gynx
1480	yinX	jinx
1481	minX	minx
1482	mjinX	mjinx
1483	hwinX	ynx
1484	tsywinX	cjynx
1485	ywinX	jynx
1486	swinX	synx
1487	nywinX	njynx
1488	tsyhwinX	chjynx
1489	zywinX	zsjynx
1490	trhwinX	thrynx
1491	lwinX	lynx
1492	nywinX	njynx
1493	khjwinX	khjynx
1494	khjinX	khjinx
1495	sywinX	sjynx
1496	xjinX	hjinx
1497	dzrinX	zrinx
1498	trinX	trinx
1499	mjunX	myonx
1500	pjunX	pyonx
1501	bjunX	byonx
1502	phjunX	phyonx
1503	'junX	qyonx
1504	ngjunX	ngyonx
1505	hjunX	yonx
1506	khjunX	khyonx
1507	'j+nX	qionx
1508	kj+nX	kionx
1509	tsrinX	crinx
1510	khj+nX	khionx
1511	gj+nX	gionx
1512	tsrhinX	chrinx
1513	ngj+nX	ngionx
1514	xj+nX	hionx
1515	ngjwonX	ngyanx
1516	hjwonX	yanx
1517	'jonX	qianx
1518	kjonX	kianx
1519	gjonX	gianx
1520	khjonX	khianx
1521	ngjonX	ngianx
1522	xjonX	hianx
1523	mjonX	myanx
1524	pjonX	pyanx
1525	gjwonX	gyanx
1526	'jwonX	qyanx
1527	khjwonX	khyanx
1528	xjwonX	hyanx
1529	bjonX	byanx
1530	hwonX	ghuonx
1531	phwonX	phuonx
1532	tshwonX	chuonx
1533	pwonX	puonx
1534	swonX	suonx
1535	tswonX	cuonx
1536	'wonX	quonx
1537	dwonX	duonx
1538	dzwonX	zuonx
1539	kwonX	kuonx
1540	thwonX	thuonx
1541	khwonX	khuonx
1542	lwonX	luonx
1543	bwonX	buonx
1544	mwonX	muonx
1545	nwonX	nuonx
1546	xwonX	huonx
1547	honX	ghonx
1548	khonX	khonx
1549	konX	konx
1550	hanX	ghanx
1551	tanX	tanx
1552	thanX	thanx
1553	sanX	sanx
1554	danX	danx
1555	dzanX	zanx
1556	kanX	kanx
1557	lanX	lanx
1558	khanX	khanx
1559	xanX	hanx
1560	tsanX	canx
1561	hwanX	ghuanx
1562	twanX	tuanx
1563	'wanX	quanx
1564	thwanX	thuanx
1565	swanX	suanx
1566	kwanX	kuanx
1567	lwanX	luanx
1568	khwanX	khuanx
1569	nwanX	nuanx
1570	tswanX	cuanx
1571	banX	buanx
1572	manX	muanx
1573	panX	puanx
1574	zwanX	zsuanx
1575	dwanX	duanx
1576	nanX	nanx
1577	phanX	phuanx
1578	sraenX	sranx
1579	'waenX	qruanx
1580	paenX	pranx
1581	tsraenX	cranx
1582	nraenX	nranx
1583	haenX	ghranx
1584	hwaenX	ghruanx
1585	baenX	branx
1586	maenX	mranx
1587	dzraenX	zranx
1588	ngaenX	ngranx
1589	tsrhaenX	chranx
1590	phaenX	phranx
1591	dzrwaenX	zruanx
1592	sreanX	srenx
1593	heanX	ghrenx
1594	meanX	mrenx
1595	keanX	krenx
1596	tsrheanX	chrenx
1597	dzreanX	zrenx
1598	ngeanX	ngrenx
1599	tsreanX	crenx
1600	tsrhweanX	chruenx
1601	kheanX	khrenx
1602	senX	senx
1603	thenX	thenx
1604	tenX	tenx
1605	'enX	qenx
1606	denX	denx
1607	kenX	kenx
1608	henX	ghenx
1609	xenX	henx
1610	menX	menx
1611	nenX	nenx
1612	penX	penx
1613	hwenX	ghuenx
1614	kwenX	kuenx
1615	benX	benx
1616	khwenX	khuenx
1617	khenX	khenx
1618	ngenX	ngenx
1619	sjenX	sienx
1620	yenX	jenx
1621	dzjenX	zienx
1622	trjenX	trienx
1623	tsyenX	cjenx
1624	nrjenX	nrienx
1625	tshjenX	chienx
1626	tsyhenX	chjenx
1627	khjienX	khjenx
1628	kjenX	kienx
1629	dzyenX	zjenx
1630	tsjenX	cienx
1631	nyenX	njenx
1632	zjenX	zsienx
1633	ljenX	lienx
1634	ngjenX	ngienx
1635	gjenX	gienx
1636	bjenX	bienx
1637	mjienX	mjenx
1638	pjienX	pjenx
1639	tsjwenX	cyenx
1640	dzjwenX	zyenx
1641	pjenX	pienx
1642	ywenX	jyenx
1643	ljwenX	lyenx
1644	trjwenX	tryenx
1645	kjwenX	kyenx
1646	gjwenX	gyenx
1647	nywenX	njyenx
1648	tsyhwenX	chjyenx
1649	dzywenX	zjyenx
1650	drjwenX	dryenx
1651	tsywenX	cjyenx
1652	sjwenX	syenx
1653	dzrjwenX	zryenx
1654	gjwienX	gjyenx
1655	xjwienX	hjyenx
1656	bjienX	bjenx
1657	mjenX	mienx
1658	trhjenX	thrienx
1659	phjenX	phienx
1660	syenX	sjenx
1661	'jenX	qienx
1662	drjenX	drienx
1663	dzrjenX	zrienx
1664	sewX	seux
1665	kewX	keux
1666	tewX	teux
1667	lewX	leux
1668	thewX	theux
1669	xewX	heux
1670	'ewX	qeux
1671	newX	neux
1672	hewX	gheux
1673	dewX	deux
1674	khewX	kheux
1675	tsewX	ceux
1676	sjewX	sieux
1677	drjewX	drieux
1678	tsyewX	cjeux
1679	'jewX	qieux
1680	trhjewX	thrieux
1681	syewX	sjeux
1682	nyewX	njeux
1683	bjiewX	bjeux
1684	tsyhewX	chjeux
1685	phjiewX	phjeux
1686	mjiewX	mjeux
1687	dzyewX	zjeux
1688	kjewX	kieux
1689	pjewX	pieux
1690	pjiewX	pjeux
1691	bjewX	bieux
1692	yewX	jeux
1693	tshjewX	chieux
1694	tsjewX	cieux
1695	gjewX	gieux
1696	ljewX	lieux
1697	phjewX	phieux
1698	'jiewX	qjeux
1699	khaewX	khraux
1700	haewX	ghraux
1701	paewX	praux
1702	nraewX	nraux
1703	maewX	mraux
1704	kaewX	kraux
1705	tsraewX	craux
1706	'aewX	qraux
1707	baewX	braux
1708	ngaewX	ngraux
1709	dzraewX	zraux
1710	tsrhaewX	chraux
1711	traewX	traux
1712	sraewX	sraux
1713	hawX	ghaux
1714	bawX	baux
1715	lawX	laux
1716	thawX	thaux
1717	dawX	daux
1718	nawX	naux
1719	sawX	saux
1720	tawX	taux
1721	tshawX	chaux
1722	tsawX	caux
1723	dzawX	zaux
1724	kawX	kaux
1725	xawX	haux
1726	mawX	maux
1727	pawX	paux
1728	'awX	qaux
1729	khawX	khaux
1730	ngawX	ngaux
1731	kaX	kax
1732	tshaX	chax
1733	taX	tax
1734	saX	sax
1735	daX	dax
1736	ngaX	ngax
1737	thaX	thax
1738	laX	lax
1739	naX	nax
1740	haX	ghax
1741	xaX	hax
1742	khaX	khax
1743	'aX	qax
1744	tsaX	cax
1745	kwaX	kuax
1746	twaX	tuax
1747	swaX	suax
1748	dwaX	duax
1749	thwaX	thuax
1750	maX	muax
1751	dzwaX	zuax
1752	ngwaX	nguax
1753	lwaX	luax
1754	'waX	quax
1755	nwaX	nuax
1756	paX	puax
1757	phaX	phuax
1758	hwaX	ghuax
1759	xwaX	huax
1760	khwaX	khuax
1761	baX	bax
1762	tshwaX	chuax
1763	tswaX	cuax
1764	maeX	mrax
1765	tsyaeX	cjax
1766	yaeX	jax
1767	ngaeX	ngrax
1768	kaeX	krax
1769	sraeX	srax
1770	'aeX	qrax
1771	zjaeX	zsiax
1772	haeX	ghrax
1773	sjaeX	siax
1774	tsjwaX	cyax
1775	mjaeX	miax
1776	tshjaeX	chiax
1777	xaeX	hrax
1778	dzyaeX	zjax
1779	khaeX	khrax
1780	baeX	brax
1781	syaeX	sjax
1782	tsjaeX	ciax
1783	paeX	prax
1784	hwaeX	ghruax
1785	kwaeX	kruax
1786	ngwaeX	ngruax
1787	nyaeX	njax
1788	tsraeX	crax
1789	traeX	trax
1790	dzraeX	zrax
1791	tsyhaeX	chjax
1792	traeX	trax
1793	nraeX	nrax
1794	khwaeX	khruax
1795	tsrhwaeX	chruax
1796	trhwaeX	thruax
1797	srwaeX	sruax
1798	trhaeX	thrax
1799	laeX	lrax
1800	yangX	jangx
1801	zjangX	zsiangx
1802	tsjangX	ciangx
1803	ljangX	liangx
1804	'jangX	qiangx
1805	gjangX	giangx
1806	ngjangX	ngiangx
1807	tsrhjangX	chriangx
1808	sjangX	siangx
1809	tsyangX	cjangx
1810	srjangX	sriangx
1811	xjangX	hiangx
1812	tsyhangX	chjangx
1813	kjangX	kiangx
1814	drjangX	driangx
1815	trhjangX	thriangx
1816	kjwangX	kyangx
1817	nyangX	njangx
1818	syangX	sjangx
1819	phjangX	phyangx
1820	mjangX	myangx
1821	pjangX	pyangx
1822	'jwangX	qyangx
1823	hjwangX	yangx
1824	xjwangX	hyangx
1825	tshjangX	chiangx
1826	trjangX	triangx
1827	dzyangX	zjangx
1828	gjwangX	gyangx
1829	kjwangX	kyangx
1830	bjangX	byangx
1831	tsrhjangX	chriangx
1832	dangX	dangx
1833	sangX	sangx
1834	kwangX	kuangx
1835	pangX	pangx
1836	tsangX	cangx
1837	nangX	nangx
1838	hangX	ghangx
1839	thangX	thangx
1840	mangX	mangx
1841	tangX	tangx
1842	langX	langx
1843	'angX	qangx
1844	khangX	khangx
1845	'wangX	quangx
1846	hwangX	ghuangx
1847	phangX	phangx
1848	xwangX	huangx
1849	kangX	kangx
1850	ngangX	ngangx
1851	dzangX	zangx
1852	tshangX	changx
1853	xangX	hangx
1854	khwangX	khuangx
1855	kaengX	krangx
1856	pjaengX	piengx
1857	kjaengX	kiengx
1858	'jaengX	qiengx
1859	srjaengX	sriengx
1860	hjwaengX	yengx
1861	xjwaengX	hyengx
1862	mjaengX	miengx
1863	kjwaengX	kyengx
1864	haengX	ghrangx
1865	maengX	mrangx
1866	kwaengX	kruangx
1867	paengX	prangx
1868	traengX	trangx
1869	draengX	drangx
1870	'waengX	qruangx
1871	taengX	trangx
1872	laengX	lrangx
1873	hwaengX	ghruangx
1874	baengX	brangx
1875	khwaengX	khruangx
1876	nraengX	nrangx
1877	keangX	krengx
1878	meangX	mrengx
1879	heangX	ghrengx
1880	beangX	brengx
1881	pheangX	phrengx
1882	dzjengX	ziengx
1883	tsyengX	cjengx
1884	trhjengX	thriengx
1885	yengX	jengx
1886	gjiengX	gjengx
1887	ywengX	jyengx
1888	ljengX	liengx
1889	kjiengX	kjengx
1890	pjiengX	pjengx
1891	khjwiengX	khjyengx
1892	tsjengX	ciengx
1893	'jiengX	qjengx
1894	tshjengX	chiengx
1895	sjengX	siengx
1896	mjiengX	mjengx
1897	drjengX	driengx
1898	hwengX	ghuengx
1899	kwengX	kuengx
1900	mengX	mengx
1901	tengX	tengx
1902	dengX	dengx
1903	thengX	thengx
1904	dzengX	zengx
1905	'wengX	quengx
1906	khengX	khengx
1907	nengX	nengx
1908	hengX	ghengx
1909	sengX	sengx
1910	pengX	pengx
1911	khwengX	khuengx
1912	kengX	kengx
1913	phengX	phengx
1914	'engX	qengx
1915	lengX	lengx
1916	bengX	bengx
1917	xwengX	huengx
1918	ngengX	ngengx
1919	tsyingX	cjingx
1920	trhingX	thringx
1921	gingX	gingx
1922	sringX	sringx
1923	tongX	tongx
1924	phongX	phongx
1925	khongX	khongx
1926	nongX	nongx
1927	hjuwX	iux
1928	ljuwX	liux
1929	nrjuwX	nriux
1930	trhjuwX	thriux
1931	trjuwX	triux
1932	xjuwX	hiux
1933	kjuwX	kiux
1934	syuwX	sjux
1935	tsyhuwX	chjux
1936	dzjuwX	ziux
1937	bjuwX	biux
1938	pjuwX	piux
1939	khjuwX	khiux
1940	nyuwX	njux
1941	gjuwX	giux
1942	drjuwX	driux
1943	yuwX	jux
1944	dzyuwX	zjux
1945	sjuwX	siux
1946	'juwX	qiux
1947	tsjuwX	ciux
1948	srjuwX	sriux
1949	tsyuwX	cjux
1950	phjuwX	phiux
1951	tsrjuwX	criux
1952	dzrjuwX	zriux
1953	tsrhjuwX	chriux
1954	phjuwX	phiux
1955	huwX	ghux
1956	muwX	mux
1957	buwX	bux
1958	tuwX	tux
1959	thuwX	thux
1960	kuwX	kux
1961	nguwX	ngux
1962	puwX	pux
1963	nuwX	nux
1964	suwX	sux
1965	xuwX	hux
1966	phuwX	phux
1967	'uwX	qux
1968	luwX	lux
1969	tsuwX	cux
1970	khuwX	khux
1971	duwX	dux
1972	dzruwX	zrux
1973	tshuwX	chux
1974	'jiwX	qyx
1975	kjiwX	kyx
1976	gjiwX	gyx
1977	tshimX	chimx
1978	drimX	drimx
1979	khjimX	khjimx
1980	limX	limx
1981	simX	simx
1982	trhimX	thrimx
1983	tsimX	cimx
1984	nyimX	njimx
1985	tsyimX	cjimx
1986	syimX	sjimx
1987	zyimX	zsjimx
1988	dzyimX	zjimx
1989	tsyhimX	chjimx
1990	tsrhimX	chrimx
1991	nrimX	nrimx
1992	gimX	gimx
1993	kimX	kimx
1994	dzimX	zimx
1995	ngimX	ngimx
1996	srimX	srimx
1997	pimX	pimx
1998	'imX	qimx
1999	phimX	phimx
2000	khimX	khimx
2001	ximX	himx
2002	trimX	trimx
2003	yimX	jimx
2004	dzrimX	zrimx
2005	komX	komx
2006	domX	domx
2007	'omX	qomx
2008	nomX	nomx
2009	thomX	thomx
2010	dzomX	zomx
2011	tshomX	chomx
2012	ngomX	ngomx
2013	tsomX	comx
2014	somX	somx
2015	khomX	khomx
2016	homX	ghomx
2017	lomX	lomx
2018	tomX	tomx
2019	xomX	homx
2020	kamX	kamx
2021	syamX	sjamx
2022	lamX	lamx
2023	thamX	thamx
2024	tamX	tamx
2025	damX	damx
2026	tshamX	chamx
2027	mamX	mamx
2028	tsamX	camx
2029	dzamX	zamx
2030	xamX	hamx
2031	'amX	qamx
2032	khamX	khamx
2033	yemX	jemx
2034	ljemX	liemx
2035	xjemX	hiemx
2036	pjemX	piemx
2037	tsyemX	cjemx
2038	khjemX	khiemx
2039	ngjemX	ngiemx
2040	gjemX	giemx
2041	kjemX	kiemx
2042	'jiemX	qjemx
2043	nyemX	njemx
2044	syemX	sjemx
2045	trhjemX	thriemx
2046	'jemX	qiemx
2047	dzjemX	ziemx
2048	tshjemX	chiemx
2049	tsjemX	ciemx
2050	khjiemX	khjemx
2051	dzyemX	zjemx
2052	themX	themx
2053	nemX	nemx
2054	temX	temx
2055	demX	demx
2056	khemX	khemx
2057	lemX	lemx
2058	hemX	ghemx
2059	tshemX	chemx
2060	kemX	kemx
2061	memX	memx
2062	ngjaemX	ngiamx
2063	khjaemX	khiamx
2064	'jaemX	qiamx
2065	heamX	ghremx
2066	dreamX	dremx
2067	kheamX	khremx
2068	keamX	kremx
2069	dzreamX	zremx
2070	leamX	lremx
2071	tsreamX	cremx
2072	tsrheamX	chremx
2073	xeamX	hremx
2074	sreamX	sremx
2075	'eamX	qremx
2076	xeamX	hremx
2077	nreamX	nremx
2078	trheamX	thremx
2079	haemX	ghramx
2080	khaemX	khramx
2081	sraemX	sramx
2082	'aemX	qramx
2083	tsrhaemX	chramx
2084	xaemX	hramx
2085	dzraemX	zramx
2086	bjomX	byamx
2087	mjomX	myamx
2088	pjomX	pyamx
2089	khjomX	khyamx
2090	phjomX	phyamx
2091	trhjomX	thryamx
2092	suwngH	sungh
2093	bjuwngH	biungh
2094	kuwngH	kungh
2095	luwngH	lungh
2096	tuwngH	tungh
2097	khuwngH	khungh
2098	tsuwngH	cungh
2099	'uwngH	qungh
2100	tshuwngH	chungh
2101	duwngH	dungh
2102	thuwngH	thungh
2103	drjuwngH	driungh
2104	pjuwngH	piungh
2105	khjuwngH	khiungh
2106	mjuwngH	miungh
2107	xjuwngH	hiungh
2108	muwngH	mungh
2109	tshjuwngH	chiungh
2110	phjuwngH	phiungh
2111	dzuwngH	zungh
2112	trjuwngH	triungh
2113	huwngH	ghungh
2114	nuwngH	nungh
2115	tsyuwngH	cjungh
2116	tsyhuwngH	chjungh
2117	dzrjuwngH	zriungh
2118	xuwngH	hungh
2119	sowngH	suungh
2120	tsowngH	cuungh
2121	thowngH	thuungh
2122	mowngH	muungh
2123	howngH	ghuungh
2124	yowngH	jyungh
2125	zjowngH	zsyungh
2126	bjowngH	byungh
2127	gjowngH	gyungh
2128	pjowngH	pyungh
2129	kjowngH	kyungh
2130	'jowngH	qyungh
2131	trjowngH	tryungh
2132	tsjowngH	cyungh
2133	trhjowngH	thryungh
2134	nyowngH	njyungh
2135	tsyowngH	cjyungh
2136	drjowngH	dryungh
2137	ljowngH	lyungh
2138	khjowngH	khyungh
2139	dzjowngH	zyungh
2140	nrjowngH	nryungh
2141	kaewngH	krungh
2142	haewngH	ghrungh
2143	traewngH	trungh
2144	draewngH	drungh
2145	trhaewngH	thrungh
2146	dzraewngH	zrungh
2147	phaewngH	phrungh
2148	tsrhaewngH	chrungh
2149	sraewngH	srungh
2150	tsyeH	cjeh
2151	bjieH	bjeh
2152	tsyweH	cjyeh
2153	ljeH	lieh
2154	dzyeH	zjeh
2155	tsjeH	cieh
2156	sjeH	sieh
2157	hjweH	yeh
2158	kjweH	kyeh
2159	phjeH	phieh
2160	pjeH	pieh
2161	bjeH	bieh
2162	ljweH	lyeh
2163	kjeH	kieh
2164	pjieH	pjeh
2165	gjeH	gieh
2166	tshjeH	chieh
2167	yeH	jeh
2168	ngjeH	ngieh
2169	phjieH	phjeh
2170	dzjeH	zieh
2171	trjeH	trieh
2172	'jeH	qieh
2173	drjweH	dryeh
2174	tsyhweH	chjyeh
2175	xjeH	hieh
2176	khjieH	khjeh
2177	'jieH	qjeh
2178	syeH	sjeh
2179	srjeH	srieh
2180	khjwieH	khjyeh
2181	'jweH	qyeh
2182	ngjweH	ngyeh
2183	xjweH	hyeh
2184	'jwieH	qjyeh
2185	dzyweH	zjyeh
2186	kjieH	kjeh
2187	nyweH	njyeh
2188	tsyheH	chjeh
2189	sjweH	syeh
2190	trjweH	tryeh
2191	yweH	jyeh
2192	nrjweH	nryeh
2193	kjwieH	kjyeh
2194	tsrjeH	crieh
2195	xjwieH	hjyeh
2196	khjeH	khieh
2197	tsyijH	cjiih
2198	hwijH	yih
2199	mijH	miih
2200	zwijH	zsyih
2201	tswijH	cyih
2202	swijH	syih
2203	lwijH	lyih
2204	pijH	piih
2205	gwijH	gyih
2206	phijH	phiih
2207	bijH	biih
2208	kwijH	kyih
2209	srwijH	sryih
2210	khwijH	khyih
2211	xwijH	hyih
2212	dzyijH	zjiih
2213	lijH	liih
2214	nrijH	nriih
2215	phjijH	phjiih
2216	ngijH	ngiih
2217	trijH	triih
2218	khjijH	khjiih
2219	drijH	driih
2220	mjijH	mjiih
2221	trhijH	thriih
2222	kijH	kiih
2223	gijH	giih
2224	gjwijH	gjyih
2225	tshwijH	chyih
2226	nyijH	njiih
2227	tsijH	ciih
2228	tshijH	chiih
2229	'ijH	qiih
2230	sijH	siih
2231	khijH	khiih
2232	kjwijH	kjyih
2233	bjijH	bjiih
2234	xjwijH	hjyih
2235	pjijH	pjiih
2236	dzwijH	zyih
2237	dijH	diih
2238	xijH	hiih
2239	yijH	jiih
2240	zyijH	zsjiih
2241	dzijH	ziih
2242	drwijH	dryih
2243	tsyhwijH	chjyih
2244	ywijH	jyih
2245	xjwijH	hjyih
2246	trwijH	tryih
2247	tsyhijH	chjiih
2248	syijH	sjiih
2249	tsrhwijH	chryih
2250	sywijH	sjyih
2251	tsyiH	cjih
2252	driH	drih
2253	ziH	zsih
2254	tshiH	chih
2255	siH	sih
2256	syiH	sjih
2257	tsriH	crih
2258	liH	lih
2259	dziH	zih
2260	trhiH	thrih
2261	nyiH	njih
2262	sriH	srih
2263	tsrhiH	chrih
2264	yiH	jih
2265	triH	trih
2266	dzyiH	zjih
2267	dzriH	zrih
2268	giH	gih
2269	tsyhiH	chjih
2270	'iH	qih
2271	kiH	kih
2272	xiH	hih
2273	ngiH	ngih
2274	khiH	khih
2275	mj+jH	myoih
2276	kjw+jH	kyoih
2277	hjw+jH	yoih
2278	ngjw+jH	ngyoih
2279	pj+jH	pyoih
2280	phj+jH	phyoih
2281	khjw+jH	khyoih
2282	'jw+jH	qyoih
2283	xjw+jH	hyoih
2284	bj+jH	byoih
2285	kj+jH	kioih
2286	ngj+jH	ngioih
2287	khj+jH	khioih
2288	xj+jH	hioih
2289	gj+jH	gioih
2290	'j+jH	qioih
2291	ngjoH	ngioh
2292	ljoH	lioh
2293	kjoH	kioh
2294	tshjoH	chioh
2295	khjoH	khioh
2296	dzyoH	zjoh
2297	syoH	sjoh
2298	trjoH	trioh
2299	tsyoH	cjoh
2300	srjoH	srioh
2301	'joH	qioh
2302	drjoH	drioh
2303	gjoH	gioh
2304	sjoH	sioh
2305	dzrjoH	zrioh
2306	tsjoH	cioh
2307	tsrjoH	crioh
2308	nyoH	njoh
2309	yoH	joh
2310	xjoH	hioh
2311	nrjoH	nrioh
2312	tsrhjoH	chrioh
2313	tsyhoH	chjoh
2314	trhjoH	thrioh
2315	zjoH	zsioh
2316	ngjuH	ngyoh
2317	'juH	qyoh
2318	dzyuH	zjyoh
2319	drjuH	dryoh
2320	bjuH	byoh
2321	tsyuH	cjyoh
2322	kjuH	kyoh
2323	xjuH	hyoh
2324	syuH	sjyoh
2325	yuH	jyoh
2326	nyuH	njyoh
2327	phjuH	phyoh
2328	mjuH	myoh
2329	tsjuH	cyoh
2330	gjuH	gyoh
2331	hjuH	yoh
2332	dzjuH	zyoh
2333	srjuH	sryoh
2334	pjuH	pyoh
2335	tshjuH	chyoh
2336	trjuH	tryoh
2337	khjuH	khyoh
2338	tsrhjuH	chryoh
2339	trhjuH	thryoh
2340	sjuH	syoh
2341	ljuH	lyoh
2342	muH	moh
2343	duH	doh
2344	luH	loh
2345	tuH	toh
2346	thuH	thoh
2347	kuH	koh
2348	nguH	ngoh
2349	huH	ghoh
2350	suH	soh
2351	dzuH	zoh
2352	nuH	noh
2353	puH	poh
2354	'uH	qoh
2355	phuH	phoh
2356	tshuH	choh
2357	khuH	khoh
2358	buH	boh
2359	xuH	hoh
2360	tsuH	coh
2361	tsejH	ceh
2362	tejH	teh
2363	dzejH	zeh
2364	thejH	theh
2365	dejH	deh
2366	tshejH	cheh
2367	sejH	seh
2368	ngejH	ngeh
2369	kejH	keh
2370	hejH	gheh
2371	khejH	kheh
2372	'ejH	qeh
2373	mejH	meh
2374	pejH	peh
2375	hwejH	ghueh
2376	kwejH	kueh
2377	xwejH	hueh
2378	phejH	pheh
2379	bejH	beh
2380	lejH	leh
2381	trhejH	threh
2382	nejH	neh
2383	xejH	heh
2384	tsjejH	cied
2385	sjwejH	syed
2386	hjwejH	yed
2387	nywejH	njyed
2388	tsywejH	cjyed
2389	srjwejH	sryed
2390	tshjwejH	chyed
2391	ywejH	jyed
2392	trjwejH	tryed
2393	sywejH	sjyed
2394	bjiejH	bjed
2395	tsrhjwejH	chryed
2396	zjwejH	zsyed
2397	pjiejH	pjed
2398	kjwejH	kyed
2399	mjiejH	mjed
2400	srjejH	sried
2401	tsyhejH	chjed
2402	tsyejH	cjed
2403	dzyejH	zjed
2404	yejH	jed
2405	'jejH	qied
2406	ngjiejH	ngjed
2407	drjejH	dried
2408	ljejH	lied
2409	khjejH	khied
2410	syejH	sjed
2411	kjejH	kied
2412	trjejH	tried
2413	gjejH	gied
2414	dzywejH	zjyed
2415	trhjejH	thried
2416	drjwejH	dryed
2417	ngjejH	ngied
2418	tsjwejH	cyed
2419	phjiejH	phjed
2420	khjwojH	khyad
2421	xjwojH	hyad
2422	thajH	thad
2423	kajH	kad
2424	ngajH	ngad
2425	'ajH	qad
2426	najH	nad
2427	dajH	dad
2428	hajH	ghad
2429	tajH	tad
2430	pajH	pad
2431	phajH	phad
2432	hwajH	ghuad
2433	dwajH	duad
2434	kwajH	kuad
2435	tswajH	cuad
2436	xwajH	huad
2437	khwajH	khuad
2438	lwajH	luad
2439	ngwajH	nguad
2440	twajH	tuad
2441	'wajH	quad
2442	dzwajH	zuad
2443	swajH	suad
2444	tshwajH	chuad
2445	bajH	bad
2446	khajH	khad
2447	tshajH	chad
2448	lajH	lad
2449	xajH	had
2450	thwajH	thuad
2451	majH	mad
2452	tshwajH	chuad
2453	kweaH	krueh
2454	keaH	kreh
2455	'eaH	qreh
2456	heaH	ghreh
2457	meaH	mreh
2458	hweaH	ghrueh
2459	tsrheaH	chreh
2460	ngeaH	ngreh
2461	xeaH	hreh
2462	peaH	preh
2463	beaH	breh
2464	dzreaH	zreh
2465	pheaH	phreh
2466	tsreaH	creh
2467	kheaH	khreh
2468	sreaH	sreh
2469	xweaH	hrueh
2470	peaH	preh
2471	trweaH	trueh
2472	kweajH	kruaih
2473	'eajH	qraih
2474	tsreajH	craih
2475	keajH	kraih
2476	nreajH	nraih
2477	xeajH	hraih
2478	heajH	ghraih
2479	ngeajH	ngraih
2480	khweajH	khruaih
2481	peajH	praih
2482	pheajH	phraih
2483	hweajH	ghruaih
2484	ngweajH	ngruaih
2485	beajH	braih
2486	meajH	mraih
2487	xweajH	hruaih
2488	sreajH	sraih
2489	kheajH	khraih
2490	trhweajH	thruaih
2491	kwaejH	kruad
2492	khwaejH	khruad
2493	maejH	mrad
2494	hwaejH	ghruad
2495	baejH	brad
2496	'waejH	qruad
2497	tsrhwaejH	chruad
2498	kaejH	krad
2499	trhaejH	thrad
2500	'aejH	qrad
2501	sraejH	srad
2502	draejH	drad
2503	xaejH	hrad
2504	xwaejH	hruad
2505	paejH	prad
2506	tshwaejH	chruad
2507	dzraejH	zrad
2508	haejH	ghrad
2509	dwojH	duaih
2510	bwojH	buaih
2511	mwojH	muaih
2512	phwojH	phuaih
2513	xwojH	huaih
2514	twojH	tuaih
2515	tshwojH	chuaih
2516	tswojH	cuaih
2517	'wojH	quaih
2518	thwojH	thuaih
2519	kwojH	kuaih
2520	hwojH	ghuaih
2521	khwojH	khuaih
2522	swojH	suaih
2523	nwojH	nuaih
2524	lwojH	luaih
2525	pwojH	puaih
2526	ngwojH	nguaih
2527	hwojH	ghuaih
2528	dojH	daih
2529	tsojH	caih
2530	mojH	maih
2531	sojH	saih
2532	thojH	thaih
2533	kojH	kaih
2534	khojH	khaih
2535	ngojH	ngaih
2536	'ojH	qaih
2537	hojH	ghaih
2538	nojH	naih
2539	tojH	taih
2540	lojH	laih
2541	tshojH	chaih
2542	dzojH	zaih
2543	xojH	haih
2544	pjojH	pyad
2545	phjojH	phyad
2546	'jwojH	qyad
2547	bjojH	byad
2548	xjwojH	hyad
2549	gjwojH	gyad
2550	ngjojH	ngiad
2551	tsyinH	cjinh
2552	sinH	sinh
2553	nyinH	njinh
2554	yinH	jinh
2555	linH	linh
2556	pjinH	pjinh
2557	drinH	drinh
2558	dzyinH	zjinh
2559	syinH	sjinh
2560	khinH	khinh
2561	zinH	zsinh
2562	nginH	nginh
2563	tsinH	cinh
2564	xinH	hinh
2565	trinH	trinh
2566	ginH	ginh
2567	tsrhinH	chrinh
2568	'jinH	qjinh
2569	trhinH	thrinh
2570	phjinH	phjinh
2571	tshinH	chinh
2572	khjinH	khjinh
2573	kjwinH	kjynh
2574	tsywinH	cjynh
2575	swinH	synh
2576	zwinH	zsynh
2577	tswinH	cynh
2578	sywinH	sjynh
2579	nywinH	njynh
2580	zywinH	zsjynh
2581	mjunH	myonh
2582	hjunH	yonh
2583	xjunH	hyonh
2584	phjunH	phyonh
2585	pjunH	pyonh
2586	'junH	qyonh
2587	kjunH	kyonh
2588	gjunH	gyonh
2589	bjunH	byonh
2590	xj+nH	hionh
2591	kj+nH	kionh
2592	gj+nH	gionh
2593	'j+nH	qionh
2594	ngj+nH	ngionh
2595	ngjwonH	ngyanh
2596	'jwonH	qyanh
2597	pjonH	pyanh
2598	khjwonH	khyanh
2599	mjonH	myanh
2600	bjonH	byanh
2601	phjonH	phyanh
2602	kjonH	kianh
2603	'jonH	qianh
2604	xjonH	hianh
2605	xjwonH	hyanh
2606	gjonH	gianh
2607	phjonH	phyanh
2608	hjwonH	yanh
2609	ngjonH	ngianh
2610	gjwonH	gyanh
2611	kjwonH	kyanh
2612	hwonH	ghuonh
2613	twonH	tuonh
2614	swonH	suonh
2615	khwonH	khuonh
2616	nwonH	nuonh
2617	'wonH	quonh
2618	mwonH	muonh
2619	dzwonH	zuonh
2620	kwonH	kuonh
2621	phwonH	phuonh
2622	dwonH	duonh
2623	tshwonH	chuonh
2624	bwonH	buonh
2625	ngwonH	nguonh
2626	lwonH	luonh
2627	pwonH	puonh
2628	xwonH	huonh
2629	tswonH	cuonh
2630	honH	ghonh
2631	konH	konh
2632	ngonH	ngonh
2633	'onH	qonh
2634	hanH	ghanh
2635	thanH	thanh
2636	'anH	qanh
2637	tanH	tanh
2638	danH	danh
2639	kanH	kanh
2640	nganH	nganh
2641	khanH	khanh
2642	xanH	hanh
2643	lanH	lanh
2644	nanH	nanh
2645	tshanH	chanh
2646	sanH	sanh
2647	tsanH	canh
2648	dzanH	zanh
2649	hwanH	ghuanh
2650	tswanH	cuanh
2651	'wanH	quanh
2652	kwanH	kuanh
2653	tshwanH	chuanh
2654	ngwanH	nguanh
2655	dwanH	duanh
2656	lwanH	luanh
2657	twanH	tuanh
2658	thwanH	thuanh
2659	xwanH	huanh
2660	swanH	suanh
2661	manH	muanh
2662	panH	puanh
2663	phanH	phuanh
2664	banH	buanh
2665	nwanH	nuanh
2666	dzwanH	zuanh
2667	khwanH	khuanh
2668	kaenH	kranh
2669	ngaenH	ngranh
2670	'aenH	qranh
2671	sraenH	sranh
2672	haenH	ghranh
2673	maenH	mranh
2674	'waenH	qruanh
2675	hwaenH	ghruanh
2676	kwaenH	kruanh
2677	srwaenH	sruanh
2678	tsrhwaenH	chruanh
2679	ngwaenH	ngruanh
2680	dzraenH	zranh
2681	phaenH	phranh
2682	nrwaenH	nruanh
2683	tsrhaenH	chranh
2684	trhaenH	thranh
2685	keanH	krenh
2686	heanH	ghrenh
2687	beanH	brenh
2688	pheanH	phrenh
2689	hweanH	ghruenh
2690	meanH	mrenh
2691	dreanH	drenh
2692	peanH	prenh
2693	kweanH	kruenh
2694	senH	senh
2695	tshenH	chenh
2696	xwenH	huenh
2697	hwenH	ghuenh
2698	kwenH	kuenh
2699	denH	denh
2700	thenH	thenh
2701	lenH	lenh
2702	kenH	kenh
2703	nenH	nenh
2704	khenH	khenh
2705	henH	ghenh
2706	ngenH	ngenh
2707	'enH	qenh
2708	tsenH	cenh
2709	menH	menh
2710	phenH	phenh
2711	dzenH	zenh
2712	'wenH	quenh
2713	tenH	tenh
2714	xenH	henh
2715	sjenH	sienh
2716	tsyenH	cjenh
2717	dzyenH	zjenh
2718	ngjenH	ngienh
2719	khjienH	khjenh
2720	kjwienH	kjyenh
2721	hjwenH	yenh
2722	mjienH	mjenh
2723	tsyhwenH	chjyenh
2724	ywenH	jyenh
2725	trjenH	trienh
2726	nywenH	njyenh
2727	tsjenH	cienh
2728	tsyhenH	chjenh
2729	syenH	sjenh
2730	'jienH	qjenh
2731	kjwenH	kyenh
2732	gjwenH	gyenh
2733	ljwenH	lyenh
2734	trhjwenH	thryenh
2735	pjenH	pienh
2736	srjwenH	sryenh
2737	tshjwenH	chyenh
2738	bjenH	bienh
2739	zjwenH	zsyenh
2740	sjwenH	syenh
2741	dzrjwenH	zryenh
2742	tsrjwenH	cryenh
2743	drjwenH	dryenh
2744	dzjenH	zienh
2745	zjenH	zsienh
2746	phjienH	phjenh
2747	dzywenH	zjyenh
2748	nrjenH	nrienh
2749	trjwenH	tryenh
2750	yenH	jenh
2751	bjienH	bjenh
2752	drjenH	drienh
2753	ljenH	lienh
2754	khjwenH	khyenh
2755	tsywenH	cjyenh
2756	penH	penh
2757	sewH	seuh
2758	thewH	theuh
2759	tewH	teuh
2760	kewH	keuh
2761	newH	neuh
2762	dewH	deuh
2763	khewH	kheuh
2764	lewH	leuh
2765	ngewH	ngeuh
2766	'ewH	qeuh
2767	xewH	heuh
2768	sjewH	sieuh
2769	tsyewH	cjeuh
2770	yewH	jeuh
2771	'jiewH	qjeuh
2772	drjewH	drieuh
2773	dzyewH	zjeuh
2774	gjewH	gieuh
2775	phjiewH	phjeuh
2776	dzjewH	zieuh
2777	mjiewH	mjeuh
2778	tshjewH	chieuh
2779	ljewH	lieuh
2780	khjewH	khieuh
2781	ngjewH	ngieuh
2782	tsjewH	cieuh
2783	mjewH	mieuh
2784	bjiewH	bjeuh
2785	syewH	sjeuh
2786	trhjewH	thrieuh
2787	pjewH	pieuh
2788	gjiewH	gjeuh
2789	nyewH	njeuh
2790	haewH	ghrauh
2791	kaewH	krauh
2792	xaewH	hrauh
2793	traewH	trauh
2794	paewH	prauh
2795	khaewH	khrauh
2796	maewH	mrauh
2797	phaewH	phrauh
2798	trhaewH	thrauh
2799	sraewH	srauh
2800	draewH	drauh
2801	nraewH	nrauh
2802	tsraewH	crauh
2803	baewH	brauh
2804	tsrhaewH	chrauh
2805	'aewH	qrauh
2806	ngaewH	ngrauh
2807	dzraewH	zrauh
2808	hawH	ghauh
2809	dawH	dauh
2810	tawH	tauh
2811	kawH	kauh
2812	ngawH	ngauh
2813	mawH	mauh
2814	lawH	lauh
2815	tshawH	chauh
2816	bawH	bauh
2817	pawH	pauh
2818	dzawH	zauh
2819	'awH	qauh
2820	sawH	sauh
2821	khawH	khauh
2822	tsawH	cauh
2823	xawH	hauh
2824	nawH	nauh
2825	kaH	kah
2826	haH	ghah
2827	tsaH	cah
2828	taH	tah
2829	laH	lah
2830	khaH	khah
2831	ngaH	ngah
2832	daH	dah
2833	naH	nah
2834	saH	sah
2835	xaH	hah
2836	thaH	thah
2837	kwaH	kuah
2838	hwaH	ghuah
2839	tswaH	cuah
2840	khwaH	khuah
2841	thwaH	thuah
2842	paH	puah
2843	tshwaH	chuah
2844	maH	muah
2845	nwaH	nuah
2846	phaH	phuah
2847	dzwaH	zuah
2848	ngwaH	nguah
2849	tshwaH	chuah
2850	xwaH	huah
2851	dwaH	duah
2852	baH	buah
2853	lwaH	luah
2854	twaH	tuah
2855	tshwaH	chuah
2856	swaH	suah
2857	'aH	qah
2858	'waH	quah
2859	maeH	mrah
2860	kaeH	krah
2861	'aeH	qrah
2862	xaeH	hrah
2863	ngaeH	ngrah
2864	trhaeH	thrah
2865	traeH	trah
2866	tsraeH	crah
2867	dzraeH	zrah
2868	zjaeH	zsiah
2869	khaeH	khrah
2870	haeH	ghrah
2871	dzjaeH	ziah
2872	yaeH	jah
2873	tsyhaeH	chjah
2874	sjaeH	siah
2875	tsyaeH	cjah
2876	tsjaeH	ciah
2877	syaeH	sjah
2878	zyaeH	zsjah
2879	paeH	prah
2880	phaeH	phrah
2881	hwaeH	ghruah
2882	xwaeH	hruah
2883	khwaeH	khruah
2884	srwaeH	sruah
2885	baeH	brah
2886	naeH	nrah
2887	tshjaeH	chiah
2888	sraeH	srah
2889	kwaeH	kruah
2890	draeH	drah
2891	ngwaeH	ngruah
2892	'waeH	qruah
2893	yangH	jangh
2894	ljangH	liangh
2895	dzrjangH	zriangh
2896	nyangH	njangh
2897	syangH	sjangh
2898	trjangH	triangh
2899	trhjangH	thriangh
2900	xjangH	hiangh
2901	drjangH	driangh
2902	nrjangH	nriangh
2903	dzjangH	ziangh
2904	tsyangH	cjangh
2905	dzyangH	zjangh
2906	tsrjangH	criangh
2907	'jangH	qiangh
2908	gjangH	giangh
2909	tsyhangH	chjangh
2910	tsrhjangH	chriangh
2911	tsjangH	ciangh
2912	ngjangH	ngiangh
2913	phjangH	phyangh
2914	mjangH	myangh
2915	xjwangH	hyangh
2916	kjwangH	kyangh
2917	hjwangH	yangh
2918	pjangH	pyangh
2919	sjangH	siangh
2920	kjangH	kiangh
2921	khjangH	khiangh
2922	tshjangH	chiangh
2923	gjwangH	gyangh
2924	bjangH	byangh
2925	dangH	dangh
2926	langH	langh
2927	hangH	ghangh
2928	'angH	qangh
2929	ngangH	ngangh
2930	tsangH	cangh
2931	bangH	bangh
2932	dzangH	zangh
2933	tangH	tangh
2934	khangH	khangh
2935	pangH	pangh
2936	thangH	thangh
2937	khwangH	khuangh
2938	nangH	nangh
2939	sangH	sangh
2940	hwangH	ghuangh
2941	kwangH	kuangh
2942	kangH	kangh
2943	xwangH	huangh
2944	mangH	mangh
2945	'wangH	quangh
2946	'jaengH	qiengh
2947	kjaengH	kiengh
2948	gjaengH	giengh
2949	khjaengH	khiengh
2950	kaengH	krangh
2951	mjaengH	miengh
2952	bjaengH	biengh
2953	maengH	mrangh
2954	hwaengH	ghruangh
2955	pjaengH	piengh
2956	hjwaengH	yengh
2957	haengH	ghrangh
2958	'aengH	qrangh
2959	tsrhaengH	chrangh
2960	traengH	trangh
2961	trhaengH	thrangh
2962	paengH	prangh
2963	draengH	drangh
2964	sraengH	srangh
2965	ngjaengH	ngiengh
2966	baengH	brangh
2967	xaengH	hrangh
2968	'waengH	qruangh
2969	tsreangH	crengh
2970	peangH	prengh
2971	beangH	brengh
2972	'eangH	qrengh
2973	ngeangH	ngrengh
2974	xweangH	hruengh
2975	kjiengH	kjengh
2976	tshjengH	chiengh
2977	tsyengH	cjengh
2978	syengH	sjengh
2979	drjengH	driengh
2980	trhjengH	thriengh
2981	sjengH	siengh
2982	ljengH	liengh
2983	phjiengH	phjengh
2984	xjwiengH	hjyengh
2985	pjiengH	pjengh
2986	bjiengH	bjengh
2987	dzjengH	ziengh
2988	dzyengH	zjengh
2989	mjiengH	mjengh
2990	khjiengH	khjengh
2991	xjiengH	hjengh
2992	tsjengH	ciengh
2993	kengH	kengh
2994	nengH	nengh
2995	sengH	sengh
2996	hengH	ghengh
2997	dengH	dengh
2998	tengH	tengh
2999	khengH	khengh
3000	thengH	thengh
3001	tshengH	chengh
3002	mengH	mengh
3003	'engH	qengh
3004	lengH	lengh
3005	tsyingH	cjingh
3006	yingH	jingh
3007	zyingH	zsjingh
3008	nyingH	njingh
3009	'ingH	qingh
3010	tsingH	cingh
3011	xingH	hingh
3012	syingH	sjingh
3013	dringH	dringh
3014	lingH	lingh
3015	bingH	bingh
3016	tsyhingH	chjingh
3017	ngingH	ngingh
3018	dzyingH	zjingh
3019	trhingH	thringh
3020	gingH	gingh
3021	tongH	tongh
3022	dzongH	zongh
3023	kongH	kongh
3024	tshongH	chongh
3025	dongH	dongh
3026	mongH	mongh
3027	pongH	pongh
3028	bongH	bongh
3029	longH	longh
3030	tsongH	congh
3031	songH	songh
3032	thongH	thongh
3033	hjuwH	iuh
3034	kjuwH	kiuh
3035	drjuwH	driuh
3036	trjuwH	triuh
3037	syuwH	sjuh
3038	tsyhuwH	chjuh
3039	zjuwH	zsiuh
3040	xjuwH	hiuh
3041	tsyuwH	cjuh
3042	gjuwH	giuh
3043	srjuwH	sriuh
3044	tsrjuwH	criuh
3045	phjuwH	phiuh
3046	tsrhjuwH	chriuh
3047	pjuwH	piuh
3048	trhjuwH	thriuh
3049	ljuwH	liuh
3050	sjuwH	siuh
3051	tsjuwH	ciuh
3052	dzrjuwH	zriuh
3053	dzjuwH	ziuh
3054	nrjuwH	nriuh
3055	bjuwH	biuh
3056	yuwH	juh
3057	dzyuwH	zjuh
3058	nyuwH	njuh
3059	mjuwH	miuh
3060	ngjuwH	ngiuh
3061	khjuwH	khiuh
3062	tshjuwH	chiuh
3063	huwH	ghuh
3064	khuwH	khuh
3065	muwH	muh
3066	phuwH	phuh
3067	duwH	duh
3068	tuwH	tuh
3069	nuwH	nuh
3070	suwH	suh
3071	tsuwH	cuh
3072	thuwH	thuh
3073	'uwH	quh
3074	kuwH	kuh
3075	tshuwH	chuh
3076	luwH	luh
3077	xuwH	huh
3078	buwH	buh
3079	nguwH	nguh
3080	dzuwH	zuh
3081	'jiwH	qyh
3082	mjiwH	myh
3083	khjiwH	khyh
3084	gjiwH	gyh
3085	tshimH	chimh
3086	tsimH	cimh
3087	nyimH	njimh
3088	drimH	drimh
3089	tsyimH	cjimh
3090	gimH	gimh
3091	kimH	kimh
3092	nrimH	nrimh
3093	'imH	qimh
3094	srimH	srimh
3095	trhimH	thrimh
3096	tsrimH	crimh
3097	tsrhimH	chrimh
3098	ngimH	ngimh
3099	trimH	trimh
3100	limH	limh
3101	dzyimH	zjimh
3102	himH	imh
3103	syimH	sjimh
3104	khomH	khomh
3105	komH	komh
3106	homH	ghomh
3107	'omH	qomh
3108	thomH	thomh
3109	somH	somh
3110	tshomH	chomh
3111	domH	domh
3112	ngomH	ngomh
3113	tomH	tomh
3114	nomH	nomh
3115	lomH	lomh
3116	xomH	homh
3117	tsomH	comh
3118	khamH	khamh
3119	lamH	lamh
3120	thamH	thamh
3121	kamH	kamh
3122	xamH	hamh
3123	hamH	ghamh
3124	damH	damh
3125	dzamH	zamh
3126	tamH	tamh
3127	samH	samh
3128	yemH	jemh
3129	dzyemH	zjemh
3130	nyemH	njemh
3131	'jiemH	qjemh
3132	pjemH	piemh
3133	ngjemH	ngiemh
3134	syemH	sjemh
3135	tsjemH	ciemh
3136	tshjemH	chiemh
3137	ljemH	liemh
3138	trhjemH	thriemh
3139	tsyhemH	chjemh
3140	'jemH	qiemh
3141	dzjemH	ziemh
3142	tsyemH	cjemh
3143	themH	themh
3144	nemH	nemh
3145	temH	temh
3146	semH	semh
3147	demH	demh
3148	kemH	kemh
3149	'emH	qemh
3150	tsemH	cemh
3151	dzemH	zemh
3152	kemH	kemh
3153	khemH	khemh
3154	lemH	lemh
3155	ngjaemH	ngiamh
3156	xjaemH	hiamh
3157	khjaemH	khiamh
3158	mjomH	myamh
3159	heamH	ghremh
3160	'eamH	qremh
3161	tsreamH	cremh
3162	treamH	tremh
3163	kheamH	khremh
3164	dreamH	dremh
3165	dzreamH	zremh
3166	keamH	kremh
3167	nreamH	nremh
3168	ngeamH	ngremh
3169	kaemH	kramh
3170	tsrhaemH	chramh
3171	tsraemH	cramh
3172	sraemH	sramh
3173	xaemH	hramh
3174	baemH	bramh
3175	haemH	ghramh
3176	dzraemH	zramh
3177	'aemH	qramh
3178	bjomH	byamh
3179	phjomH	phyamh
3180	kjaemH	kiamh
3181	khjaemH	khiamh
3182	'jaemH	qiamh
3183	'uwk	quk
3184	duwk	duk
3185	kuwk	kuk
3186	huwk	ghuk
3187	khuwk	khuk
3188	thuwk	thuk
3189	tuwk	tuk
3190	suwk	suk
3191	luwk	luk
3192	xuwk	huk
3193	dzuwk	zuk
3194	tshuwk	chuk
3195	tsuwk	cuk
3196	buwk	buk
3197	phuwk	phuk
3198	puwk	puk
3199	muwk	muk
3200	pjuwk	piuk
3201	bjuwk	biuk
3202	srjuwk	sriuk
3203	ljuwk	liuk
3204	drjuwk	driuk
3205	kjuwk	kiuk
3206	khjuwk	khiuk
3207	dzyuwk	zjuk
3208	tsyhuwk	chjuk
3209	yuwk	juk
3210	gjuwk	giuk
3211	tshjuwk	chiuk
3212	nyuwk	njuk
3213	tsyuwk	cjuk
3214	syuwk	sjuk
3215	xjuwk	hiuk
3216	trjuwk	triuk
3217	tsjuwk	ciuk
3218	tsrhjuwk	chriuk
3219	nrjuwk	nriuk
3220	tsrjuwk	criuk
3221	phjuwk	phiuk
3222	'juwk	qiuk
3223	sjuwk	siuk
3224	mjuwk	miuk
3225	hjuwk	iuk
3226	trhjuwk	thriuk
3227	ngjuwk	ngiuk
3228	dzjuwk	ziuk
3229	'owk	quuk
3230	dowk	duuk
3231	towk	tuuk
3232	khowk	khuuk
3233	howk	ghuuk
3234	bowk	buuk
3235	sowk	suuk
3236	kowk	kuuk
3237	mowk	muuk
3238	xowk	huuk
3239	nowk	nuuk
3240	tsowk	cuuk
3241	powk	puuk
3242	lowk	luuk
3243	ngowk	nguuk
3244	tsyowk	cjyuk
3245	ngjowk	ngyuk
3246	xjowk	hyuk
3247	kjowk	kyuk
3248	gjowk	gyuk
3249	dzyowk	zjyuk
3250	tsyhowk	chjyuk
3251	nyowk	njyuk
3252	syowk	sjyuk
3253	yowk	jyuk
3254	drjowk	dryuk
3255	ljowk	lyuk
3256	khjowk	khyuk
3257	trjowk	tryuk
3258	tsjowk	cyuk
3259	zyowk	zsjyuk
3260	bjowk	byuk
3261	tshjowk	chyuk
3262	zjowk	zsyuk
3263	sjowk	syuk
3264	pjowk	pyuk
3265	trhjowk	thryuk
3266	kaewk	kruk
3267	ngaewk	ngruk
3268	dzraewk	zruk
3269	tsraewk	cruk
3270	sraewk	sruk
3271	traewk	truk
3272	paewk	pruk
3273	maewk	mruk
3274	baewk	bruk
3275	phaewk	phruk
3276	khaewk	khruk
3277	draewk	druk
3278	'aewk	qruk
3279	nraewk	nruk
3280	trhaewk	thruk
3281	laewk	lruk
3282	haewk	ghruk
3283	xaewk	hruk
3284	tsrhaewk	chruk
3285	tsyit	cjit
3286	nyit	njit
3287	zyit	zsjit
3288	drit	drit
3289	sit	sit
3290	'jit	qjit
3291	tshit	chit
3292	phjit	phjit
3293	kjit	kjit
3294	nrit	nrit
3295	yit	jit
3296	khjit	khjit
3297	xjit	hjit
3298	trhit	thrit
3299	lit	lit
3300	trit	trit
3301	dzit	zit
3302	tsrhit	chrit
3303	syit	sjit
3304	tsit	cit
3305	mjit	mjit
3306	pjit	pjit
3307	git	git
3308	bjit	bjit
3309	hwit	yt
3310	srwit	sryt
3311	tsyhit	chjit
3312	dzrit	zrit
3313	mit	mit
3314	bit	bit
3315	'it	qit
3316	ngit	ngit
3317	pit	pit
3318	trwit	trjyt
3319	xit	hit
3320	kit	kit
3321	trit	trit
3322	xjwit	hjyt
3323	zywit	zsjyt
3324	kjwit	kjyt
3325	dzwit	zyt
3326	ywit	jyt
3327	tswit	cyt
3328	swit	syt
3329	lwit	lyt
3330	trhwit	thryt
3331	trwit	tryt
3332	drwit	dryt
3333	tsyhwit	chjyt
3334	tshwit	chyt
3335	tsrwit	cryt
3336	xwit	hyt
3337	tsrit	crit
3338	srit	srit
3339	dzrit	zrit
3340	mjut	myot
3341	pjut	pyot
3342	'jut	qyot
3343	kjut	kyot
3344	khjut	khyot
3345	gjut	gyot
3346	bjut	byot
3347	xjut	hyot
3348	hjut	yot
3349	phjut	phyot
3350	ngjut	ngyot
3351	xj+t	hiot
3352	kj+t	kiot
3353	ngj+t	ngiot
3354	gj+t	giot
3355	khj+t	khiot
3356	ngjwot	ngyat
3357	bjot	byat
3358	hjwot	yat
3359	kjwot	kyat
3360	'jwot	qyat
3361	gjwot	gyat
3362	khjwot	khyat
3363	pjot	pyat
3364	mjot	myat
3365	xjwot	hyat
3366	'jot	qiat
3367	xjot	hiat
3368	kjot	kiat
3369	gjot	giat
3370	phjot	phyat
3371	ngjot	ngiat
3372	mwot	muot
3373	thwot	thuot
3374	kwot	kuot
3375	bwot	buot
3376	twot	tuot
3377	thwot	thuot
3378	dwot	duot
3379	'wot	quot
3380	xwot	huot
3381	ngwot	nguot
3382	phwot	phuot
3383	lwot	luot
3384	khwot	khuot
3385	nwot	nuot
3386	swot	suot
3387	tshwot	chuot
3388	dzwot	zuot
3389	hot	ghot
3390	hwot	ghuot
3391	tswot	cuot
3392	hat	ghat
3393	xat	hat
3394	tat	tat
3395	that	that
3396	'at	qat
3397	lat	lat
3398	khat	khat
3399	dat	dat
3400	dzat	zat
3401	ngat	ngat
3402	kat	kat
3403	sat	sat
3404	tshat	chat
3405	nat	nat
3406	mat	mat
3407	mat	muat
3408	ngwat	nguat
3409	dzwat	zuat
3410	pat	puat
3411	tsat	cat
3412	kwat	kuat
3413	khwat	khuat
3414	hwat	ghuat
3415	dwat	duat
3416	xwat	huat
3417	'wat	quat
3418	tswat	cuat
3419	phat	phuat
3420	thwat	thuat
3421	lwat	luat
3422	twat	tuat
3423	tshwat	chuat
3424	bat	buat
3425	heat	ghret
3426	tsreat	cret
3427	beat	bret
3428	kheat	khret
3429	hweat	ghruet
3430	peat	pret
3431	trweat	truet
3432	'weat	qruet
3433	nrweat	nruet
3434	tsrheat	chret
3435	kweat	kruet
3436	keat	kret
3437	'eat	qret
3438	sreat	sret
3439	meat	mret
3440	xweat	hruet
3441	nreat	nret
3442	ngweat	ngruet
3443	khweat	khruet
3444	pheat	phret
3445	tsrweat	cruet
3446	haet	ghrat
3447	'aet	qrat
3448	ngaet	ngrat
3449	tsrhaet	chrat
3450	khaet	khrat
3451	xaet	hrat
3452	trhaet	thrat
3453	kwaet	kruat
3454	hwaet	ghruat
3455	trhwaet	thruat
3456	trwaet	truat
3457	srwaet	sruat
3458	ngwaet	ngruat
3459	tsrhwaet	chruat
3460	maet	mrat
3461	nrwaet	nruat
3462	paet	prat
3463	kaet	krat
3464	dzraet	zrat
3465	traet	trat
3466	nyaet	njrat
3467	set	set
3468	tshet	chet
3469	ket	ket
3470	tset	cet
3471	xwet	huet
3472	khwet	khuet
3473	kwet	kuet
3474	hwet	ghuet
3475	'wet	quet
3476	det	det
3477	thet	thet
3478	het	ghet
3479	net	net
3480	dzet	zet
3481	nget	nget
3482	met	met
3483	pet	pet
3484	'et	qet
3485	khet	khet
3486	xet	het
3487	phet	phet
3488	bet	bet
3489	tet	tet
3490	let	let
3491	sjet	siet
3492	ljet	liet
3493	trjet	triet
3494	gjet	giet
3495	nyet	njet
3496	tsyet	cjet
3497	zyet	zsjet
3498	dzyet	zjet
3499	ngjet	ngiet
3500	mjiet	mjet
3501	khjet	khiet
3502	pjiet	pjet
3503	dzjwet	zyet
3504	tsjwet	cyet
3505	sjwet	syet
3506	trhjwet	thryet
3507	ywet	jyet
3508	khjwiet	khjyet
3509	'jwet	qyet
3510	nywet	njyet
3511	sywet	sjyet
3512	tsywet	cjyet
3513	tsyhwet	chjyet
3514	trjwet	tryet
3515	ljwet	lyet
3516	phjiet	phjet
3517	bjet	biet
3518	drjet	driet
3519	pjet	piet
3520	srjwet	sryet
3521	kjet	kiet
3522	syet	sjet
3523	nrjwet	nryet
3524	xjwet	hyet
3525	'jwiet	qjyet
3526	kjwet	kyet
3527	tsrjwet	cryet
3528	tshjwet	chyet
3529	tsjet	ciet
3530	srjet	sriet
3531	'jet	qiet
3532	trhjet	thriet
3533	xjet	hiet
3534	tsyhwet	chjyet
3535	tsrhjet	chriet
3536	zjwet	zsyet
3537	tsyhet	chjet
3538	yet	jet
3539	dzrjet	zriet
3540	yak	jak
3541	ljak	liak
3542	kjak	kiak
3543	tsyak	cjak
3544	syak	sjak
3545	nyak	njak
3546	tsyhak	chjak
3547	'jak	qiak
3548	khjak	khiak
3549	ngjak	ngiak
3550	dzyak	zjak
3551	trhjak	thriak
3552	sjak	siak
3553	tsrjak	criak
3554	tsjak	ciak
3555	dzjak	ziak
3556	tshjak	chiak
3557	gjak	giak
3558	'jwak	qyak
3559	bjak	byak
3560	xjwak	hyak
3561	hjwak	yak
3562	kjwak	kyak
3563	trjak	triak
3564	drjak	driak
3565	khjwak	khyak
3566	gjwak	gyak
3567	nrjak	nriak
3568	phjak	phyak
3569	xjak	hiak
3570	dak	dak
3571	mak	mak
3572	lak	lak
3573	thak	thak
3574	tsak	cak
3575	tshak	chak
3576	kak	kak
3577	khak	khak
3578	ngak	ngak
3579	phak	phak
3580	'ak	qak
3581	bak	bak
3582	xak	hak
3583	sak	sak
3584	hak	ghak
3585	dzak	zak
3586	pak	pak
3587	nak	nak
3588	xwak	huak
3589	kwak	kuak
3590	'wak	quak
3591	hwak	ghuak
3592	khwak	khuak
3593	ngwak	nguak
3594	lwak	luak
3595	tswak	cuak
3596	maek	mrak
3597	traek	trak
3598	baek	brak
3599	paek	prak
3600	gjaek	giek
3601	kjaek	kiek
3602	srjaek	sriek
3603	tsrhjaek	chriek
3604	hwaek	ghruak
3605	tsraek	crak
3606	dzraek	zrak
3607	khjaek	khiek
3608	ngaek	ngrak
3609	ngjaek	ngiek
3610	khaek	khrak
3611	'aek	qrak
3612	xjaek	hiek
3613	trhaek	thrak
3614	'waek	qruak
3615	phaek	phrak
3616	xaek	hrak
3617	haek	ghrak
3618	kaek	krak
3619	xwaek	hruak
3620	draek	drak
3621	kwaek	kruak
3622	'jwaek	qyek
3623	nraek	nrak
3624	khwaek	khruak
3625	bjaek	biek
3626	meak	mrek
3627	hweak	ghruek
3628	kweak	kruek
3629	peak	prek
3630	beak	brek
3631	dzreak	zrek
3632	tsreak	crek
3633	dzrweak	zruek
3634	tsrheak	chrek
3635	kheak	khrek
3636	xweak	hruek
3637	heak	ghrek
3638	keak	krek
3639	treak	trek
3640	'eak	qrek
3641	sreak	srek
3642	pheak	phrek
3643	ngeak	ngrek
3644	leak	lrek
3645	tsrweak	cruek
3646	srweak	sruek
3647	gweak	gruek
3648	nreak	nrek
3649	sjek	siek
3650	tsjek	ciek
3651	'jiek	qjek
3652	yek	jek
3653	syek	sjek
3654	tsyhek	chjek
3655	dzyek	zjek
3656	tsyek	cjek
3657	drjek	driek
3658	tshjek	chiek
3659	zjek	zsiek
3660	dzjek	ziek
3661	bjiek	bjek
3662	ywek	jyek
3663	xjwiek	hjyek
3664	pjiek	pjek
3665	phjiek	phjek
3666	zyek	zsjek
3667	pjaek	piek
3668	trjek	triek
3669	trhjek	thriek
3670	tsywek	cjyek
3671	tshjwek	chyek
3672	sek	sek
3673	kek	kek
3674	phek	phek
3675	lek	lek
3676	tek	tek
3677	hek	ghek
3678	ngek	ngek
3679	dek	dek
3680	thek	thek
3681	tsek	cek
3682	khek	khek
3683	nek	nek
3684	dzek	zek
3685	mek	mek
3686	bek	bek
3687	pek	pek
3688	khwek	khuek
3689	kwek	kuek
3690	tshek	chek
3691	xek	hek
3692	xwek	huek
3693	trhek	threk
3694	tsyik	cjik
3695	drik	drik
3696	lik	lik
3697	trhik	thrik
3698	trik	trik
3699	zyik	zsjik
3700	sik	sik
3701	dzyik	zjik
3702	syik	sjik
3703	xik	hik
3704	dzrik	zrik
3705	gik	gik
3706	nrik	nrik
3707	tsrhik	chrik
3708	'ik	qik
3709	srik	srik
3710	khik	khik
3711	kik	kik
3712	yik	jik
3713	tsik	cik
3714	pik	pik
3715	hwik	yk
3716	xwik	hyk
3717	phik	phik
3718	tsrik	crik
3719	bik	bik
3720	ngik	ngik
3721	dzik	zik
3722	trik	trik
3723	mik	mik
3724	tsyhik	chjik
3725	tok	tok
3726	tsok	cok
3727	lok	lok
3728	thok	thok
3729	khok	khok
3730	dok	dok
3731	xok	hok
3732	mok	mok
3733	dzok	zok
3734	sok	sok
3735	pok	pok
3736	bok	bok
3737	hwok	ghuok
3738	kwok	kuok
3739	'ok	qok
3740	hok	ghok
3741	nok	nok
3742	kok	kok
3743	tshok	chok
3744	phok	phok
3745	xwok	huok
3746	tship	chip
3747	dzyip	zjip
3748	tsyip	cjip
3749	zip	zsip
3750	dzip	zip
3751	nyip	njip
3752	'jip	qjip
3753	syip	sjip
3754	tsip	cip
3755	gip	gip
3756	drip	drip
3757	trip	trip
3758	lip	lip
3759	kip	kip
3760	ngip	ngip
3761	khip	khip
3762	sip	sip
3763	srip	srip
3764	xip	hip
3765	tsrip	crip
3766	'ip	qip
3767	trhip	thrip
3768	hip	ip
3769	yip	jip
3770	nrip	nrip
3771	dzrip	zrip
3772	bip	bip
3773	pip	pip
3774	tsrhip	chrip
3775	tsyhip	chjip
3776	hop	ghop
3777	kop	kop
3778	top	top
3779	sop	sop
3780	dop	dop
3781	thop	thop
3782	dzop	zop
3783	tsop	cop
3784	lop	lop
3785	nop	nop
3786	khop	khop
3787	'op	qop
3788	xop	hop
3789	ngop	ngop
3790	tshop	chop
3791	dzyop	zjop
3792	'op	qop
3793	hap	ghap
3794	lap	lap
3795	tap	tap
3796	thap	thap
3797	xap	hap
3798	nap	nap
3799	dap	dap
3800	sap	sap
3801	ngap	ngap
3802	dzap	zap
3803	kap	kap
3804	khap	khap
3805	'ap	qap
3806	tshap	chap
3807	kap	kap
3808	tsyap	cjap
3809	yep	jep
3810	tsjep	ciep
3811	syep	sjep
3812	dzyep	zjep
3813	ljep	liep
3814	dzjep	ziep
3815	drjep	driep
3816	'jep	qiep
3817	nrjep	nriep
3818	tsyhep	chjep
3819	nyep	njep
3820	tsyep	cjep
3821	tshjep	chiep
3822	trhjep	thriep
3823	gjep	giep
3824	trjep	triep
3825	hjep	iep
3826	khjiep	khjep
3827	srjep	sriep
3828	kjep	kiep
3829	'jiep	qjep
3830	thep	thep
3831	hep	ghep
3832	kep	kep
3833	khep	khep
3834	dep	dep
3835	nep	nep
3836	sep	sep
3837	lep	lep
3838	tep	tep
3839	dzep	zep
3840	tsep	cep
3841	xep	hep
3842	sep	sep
3843	heap	ghrep
3844	kheap	khrep
3845	dzreap	zrep
3846	keap	krep
3847	tsreap	crep
3848	tsrheap	chrep
3849	nreap	nrep
3850	xeap	hrep
3851	sreap	srep
3852	treap	trep
3853	'eap	qrep
3854	ngeap	ngrep
3855	trheap	threp
3856	haep	ghrap
3857	draep	drap
3858	'aep	qrap
3859	kaep	krap
3860	sraep	srap
3861	xaep	hrap
3862	ngjaep	ngiap
3863	xjaep	hiap
3864	khjaep	khiap
3865	kjaep	kiap
3866	'jaep	qiap
3867	yaep	jap
3868	gjaep	giap
3869	bjop	byap
3870	pjop	pyap
3871	phjop	phyap
3872	khjop	khyap
3873	nrjop	nryap
3874	trhjop	thryap
